prospect_number,creator,speciality,primary_outreach_angle,contact_type,public_email,email_status,contact_url,recommended_priority,email_subject,status,personalisation_note,email
1,Jacksepticeye,Gaming,Turn the next subscriber/follower milestone into a live community vault opening.,YouTube Business Enquiry / creator website,,Needs enrichment — source exposes contact route but not a full address,https://www.youtube.com/results?search_query=Jacksepticeye,A,Jacksepticeye × FanVault — your next milestone,Not contacted,Turn the next subscriber/follower milestone into a live community vault opening.,jacksepticeye7@gmail.com
2,Vanoss Gaming,Gaming,Turn the next subscriber/follower milestone into a live community vault opening.,YouTube Business Enquiry / creator website,,Needs enrichment — source exposes contact route but not a full address,https://www.youtube.com/results?search_query=Vanoss%20Gaming,A,Vanoss Gaming × FanVault — your next milestone,Not contacted,Turn the next subscriber/follower milestone into a live community vault opening.,vanoss@capsul3.co
3,Total Gaming,Gaming,Turn the next subscriber/follower milestone into a live community vault opening.,YouTube Business Enquiry / creator website,,Needs enrichment — source exposes contact route but not a full address,https://www.youtube.com/results?search_query=Total%20Gaming,A,Total Gaming × FanVault — your next milestone,Not contacted,Turn the next subscriber/follower milestone into a live community vault opening.,business@totalgaming.in
4,ItsFunneh,Gaming,Turn the next subscriber/follower milestone into a live community vault opening.,YouTube Business Enquiry / creator website,,Needs enrichment — source exposes contact route but not a full address,https://www.youtube.com/results?search_query=ItsFunneh,A,ItsFunneh × FanVault — your next milestone,Not contacted,Turn the next subscriber/follower milestone into a live community vault opening.,
5,Ali-A,Gaming,Turn the next subscriber/follower milestone into a live community vault opening.,YouTube Business Enquiry / creator website,,Needs enrichment — source exposes contact route but not a full address,https://www.youtube.com/results?search_query=Ali-A,A,Ali-A × FanVault — your next milestone,Not contacted,Turn the next subscriber/follower milestone into a live community vault opening.,
6,Tonde Gamer,Gaming,Turn the next subscriber/follower milestone into a live community vault opening.,YouTube Business Enquiry / creator website,,Needs enrichment — source exposes contact route but not a full address,https://www.youtube.com/results?search_query=Tonde%20Gamer,A,Tonde Gamer × FanVault — your next milestone,Not contacted,Turn the next subscriber/follower milestone into a live community vault opening.,
7,Typical Gamer,Gaming,Turn the next subscriber/follower milestone into a live community vault opening.,YouTube Business Enquiry / creator website,,Needs enrichment — source exposes contact route but not a full address,https://www.youtube.com/results?search_query=Typical%20Gamer,A,Typical Gamer × FanVault — your next milestone,Not contacted,Turn the next subscriber/follower milestone into a live community vault opening.,
8,theRadBrad,Gaming,Turn the next subscriber/follower milestone into a live community vault opening.,YouTube Business Enquiry / creator website,,Needs enrichment — source exposes contact route but not a full address,https://www.youtube.com/results?search_query=theRadBrad,A,theRadBrad × FanVault — your next milestone,Not contacted,Turn the next subscriber/follower milestone into a live community vault opening.,
9,H2O Delirious,Gaming,Turn the next subscriber/follower milestone into a live community vault opening.,YouTube Business Enquiry / creator website,,Needs enrichment — source exposes contact route but not a full address,https://www.youtube.com/results?search_query=H2O%20Delirious,A,H2O Delirious × FanVault — your next milestone,Not contacted,Turn the next subscriber/follower milestone into a live community vault opening.,
10,GamingWithKev,Gaming,Turn the next subscriber/follower milestone into a live community vault opening.,YouTube Business Enquiry / creator website,,Needs enrichment — source exposes contact route but not a full address,https://www.youtube.com/results?search_query=GamingWithKev,A,GamingWithKev × FanVault — your next milestone,Not contacted,Turn the next subscriber/follower milestone into a live community vault opening.,
11,Game Grumps,Gaming,Turn the next subscriber/follower milestone into a live community vault opening.,YouTube Business Enquiry / creator website,,Needs enrichment — source exposes contact route but not a full address,https://www.youtube.com/results?search_query=Game%20Grumps,A,Game Grumps × FanVault — your next milestone,Not contacted,Turn the next subscriber/follower milestone into a live community vault opening.,
12,SMii7Y,Gaming,Turn the next subscriber/follower milestone into a live community vault opening.,YouTube Business Enquiry / creator website,,Needs enrichment — source exposes contact route but not a full address,https://www.youtube.com/results?search_query=SMii7Y,A,SMii7Y × FanVault — your next milestone,Not contacted,Turn the next subscriber/follower milestone into a live community vault opening.,
13,Video game dunkey,Gaming,Turn the next subscriber/follower milestone into a live community vault opening.,YouTube Business Enquiry / creator website,,Needs enrichment — source exposes contact route but not a full address,https://www.youtube.com/results?search_query=Video%20game%20dunkey,A,Video game dunkey × FanVault — your next milestone,Not contacted,Turn the next subscriber/follower milestone into a live community vault opening.,
14,I AM WILDCAT,Gaming,Turn the next subscriber/follower milestone into a live community vault opening.,YouTube Business Enquiry / creator website,,Needs enrichment — source exposes contact route but not a full address,https://www.youtube.com/results?search_query=I%20AM%20WILDCAT,A,I AM WILDCAT × FanVault — your next milestone,Not contacted,Turn the next subscriber/follower milestone into a live community vault opening.,
15,Frostbite Gaming,Gaming,Turn the next subscriber/follower milestone into a live community vault opening.,YouTube Business Enquiry / creator website,,Needs enrichment — source exposes contact route but not a full address,https://www.youtube.com/results?search_query=Frostbite%20Gaming,A,Frostbite Gaming × FanVault — your next milestone,Not contacted,Turn the next subscriber/follower milestone into a live community vault opening.,
16,Nogla,Gaming,Turn the next subscriber/follower milestone into a live community vault opening.,YouTube Business Enquiry / creator website,,Needs enrichment — source exposes contact route but not a full address,https://www.youtube.com/results?search_query=Nogla,A,Nogla × FanVault — your next milestone,Not contacted,Turn the next subscriber/follower milestone into a live community vault opening.,
17,special edd,Gaming,Turn the next subscriber/follower milestone into a live community vault opening.,YouTube Business Enquiry / creator website,,Needs enrichment — source exposes contact route but not a full address,https://www.youtube.com/results?search_query=special%20edd,A,special edd × FanVault — your next milestone,Not contacted,Turn the next subscriber/follower milestone into a live community vault opening.,
18,EthanGamer,Gaming,Turn the next subscriber/follower milestone into a live community vault opening.,YouTube Business Enquiry / creator website,,Needs enrichment — source exposes contact route but not a full address,https://www.youtube.com/results?search_query=EthanGamer,A,EthanGamer × FanVault — your next milestone,Not contacted,Turn the next subscriber/follower milestone into a live community vault opening.,
19,Hollow,Gaming,Turn the next subscriber/follower milestone into a live community vault opening.,YouTube Business Enquiry / creator website,,Needs enrichment — source exposes contact route but not a full address,https://www.youtube.com/results?search_query=Hollow,A,Hollow × FanVault — your next milestone,Not contacted,Turn the next subscriber/follower milestone into a live community vault opening.,
20,Jackfrags,Gaming,Turn the next subscriber/follower milestone into a live community vault opening.,YouTube Business Enquiry / creator website,,Needs enrichment — source exposes contact route but not a full address,https://www.youtube.com/results?search_query=Jackfrags,A,Jackfrags × FanVault — your next milestone,Not contacted,Turn the next subscriber/follower milestone into a live community vault opening.,
21,CaRtOoNz,Gaming,Turn the next subscriber/follower milestone into a live community vault opening.,YouTube Business Enquiry / creator website,,Needs enrichment — source exposes contact route but not a full address,https://www.youtube.com/results?search_query=CaRtOoNz,A,CaRtOoNz × FanVault — your next milestone,Not contacted,Turn the next subscriber/follower milestone into a live community vault opening.,
22,SteveTheGamer55,Gaming,Turn the next subscriber/follower milestone into a live community vault opening.,YouTube Business Enquiry / creator website,,Needs enrichment — source exposes contact route but not a full address,https://www.youtube.com/results?search_query=SteveTheGamer55,A,SteveTheGamer55 × FanVault — your next milestone,Not contacted,Turn the next subscriber/follower milestone into a live community vault opening.,
23,MrBossFTW,Gaming,Turn the next subscriber/follower milestone into a live community vault opening.,YouTube Business Enquiry / creator website,,Needs enrichment — source exposes contact route but not a full address,https://www.youtube.com/results?search_query=MrBossFTW,A,MrBossFTW × FanVault — your next milestone,Not contacted,Turn the next subscriber/follower milestone into a live community vault opening.,
24,YouAlwaysWin,Gaming,Turn the next subscriber/follower milestone into a live community vault opening.,YouTube Business Enquiry / creator website,,Needs enrichment — source exposes contact route but not a full address,https://www.youtube.com/results?search_query=YouAlwaysWin,A,YouAlwaysWin × FanVault — your next milestone,Not contacted,Turn the next subscriber/follower milestone into a live community vault opening.,
25,Tomato - Fortnite,Gaming,Turn the next subscriber/follower milestone into a live community vault opening.,YouTube Business Enquiry / creator website,,Needs enrichment — source exposes contact route but not a full address,https://www.youtube.com/results?search_query=Tomato%20-%20Fortnite,A,Tomato - Fortnite × FanVault — your next milestone,Not contacted,Turn the next subscriber/follower milestone into a live community vault opening.,
26,Terroriser,Gaming,Turn the next subscriber/follower milestone into a live community vault opening.,YouTube Business Enquiry / creator website,,Needs enrichment — source exposes contact route but not a full address,https://www.youtube.com/results?search_query=Terroriser,A,Terroriser × FanVault — your next milestone,Not contacted,Turn the next subscriber/follower milestone into a live community vault opening.,
27,Judo Sloth Gaming,Gaming,Turn the next subscriber/follower milestone into a live community vault opening.,YouTube Business Enquiry / creator website,,Needs enrichment — source exposes contact route but not a full address,https://www.youtube.com/results?search_query=Judo%20Sloth%20Gaming,A,Judo Sloth Gaming × FanVault — your next milestone,Not contacted,Turn the next subscriber/follower milestone into a live community vault opening.,
28,Stacyplays,Gaming,Turn the next subscriber/follower milestone into a live community vault opening.,YouTube Business Enquiry / creator website,,Needs enrichment — source exposes contact route but not a full address,https://www.youtube.com/results?search_query=Stacyplays,A,Stacyplays × FanVault — your next milestone,Not contacted,Turn the next subscriber/follower milestone into a live community vault opening.,
29,Moo,Gaming,Turn the next subscriber/follower milestone into a live community vault opening.,YouTube Business Enquiry / creator website,,Needs enrichment — source exposes contact route but not a full address,https://www.youtube.com/results?search_query=Moo,A,Moo × FanVault — your next milestone,Not contacted,Turn the next subscriber/follower milestone into a live community vault opening.,
30,RADAL,Gaming,Turn the next subscriber/follower milestone into a live community vault opening.,YouTube Business Enquiry / creator website,,Needs enrichment — source exposes contact route but not a full address,https://www.youtube.com/results?search_query=RADAL,A,RADAL × FanVault — your next milestone,Not contacted,Turn the next subscriber/follower milestone into a live community vault opening.,
31,GassyMexican,Gaming,Turn the next subscriber/follower milestone into a live community vault opening.,YouTube Business Enquiry / creator website,,Needs enrichment — source exposes contact route but not a full address,https://www.youtube.com/results?search_query=GassyMexican,A,GassyMexican × FanVault — your next milestone,Not contacted,Turn the next subscriber/follower milestone into a live community vault opening.,
32,Strawburry17Plays,Gaming,Turn the next subscriber/follower milestone into a live community vault opening.,YouTube Business Enquiry / creator website,,Needs enrichment — source exposes contact route but not a full address,https://www.youtube.com/results?search_query=Strawburry17Plays,A,Strawburry17Plays × FanVault — your next milestone,Not contacted,Turn the next subscriber/follower milestone into a live community vault opening.,
33,GamerGirl,Gaming,Turn the next subscriber/follower milestone into a live community vault opening.,YouTube Business Enquiry / creator website,,Needs enrichment — source exposes contact route but not a full address,https://www.youtube.com/results?search_query=GamerGirl,A,GamerGirl × FanVault — your next milestone,Not contacted,Turn the next subscriber/follower milestone into a live community vault opening.,
34,SeaNanners,Gaming,Turn the next subscriber/follower milestone into a live community vault opening.,YouTube Business Enquiry / creator website,,Needs enrichment — source exposes contact route but not a full address,https://www.youtube.com/results?search_query=SeaNanners,A,SeaNanners × FanVault — your next milestone,Not contacted,Turn the next subscriber/follower milestone into a live community vault opening.,
35,Annoying Orange Gaming,Gaming,Turn the next subscriber/follower milestone into a live community vault opening.,YouTube Business Enquiry / creator website,,Needs enrichment — source exposes contact route but not a full address,https://www.youtube.com/results?search_query=Annoying%20Orange%20Gaming,A,Annoying Orange Gaming × FanVault — your next milestone,Not contacted,Turn the next subscriber/follower milestone into a live community vault opening.,
36,Mini Ladd,Gaming,Turn the next subscriber/follower milestone into a live community vault opening.,YouTube Business Enquiry / creator website,,Needs enrichment — source exposes contact route but not a full address,https://www.youtube.com/results?search_query=Mini%20Ladd,A,Mini Ladd × FanVault — your next milestone,Not contacted,Turn the next subscriber/follower milestone into a live community vault opening.,
37,FGTeeV,Gaming,Turn the next subscriber/follower milestone into a live community vault opening.,YouTube Business Enquiry / creator website,,Needs enrichment — source exposes contact route but not a full address,https://www.youtube.com/results?search_query=FGTeeV,A,FGTeeV × FanVault — your next milestone,Not contacted,Turn the next subscriber/follower milestone into a live community vault opening.,
38,BasicallyIDoWrk,Gaming,Turn the next subscriber/follower milestone into a live community vault opening.,YouTube Business Enquiry / creator website,,Needs enrichment — source exposes contact route but not a full address,https://www.youtube.com/results?search_query=BasicallyIDoWrk,A,BasicallyIDoWrk × FanVault — your next milestone,Not contacted,Turn the next subscriber/follower milestone into a live community vault opening.,
39,Gamer Chad,Gaming,Turn the next subscriber/follower milestone into a live community vault opening.,YouTube Business Enquiry / creator website,,Needs enrichment — source exposes contact route but not a full address,https://www.youtube.com/results?search_query=Gamer%20Chad,A,Gamer Chad × FanVault — your next milestone,Not contacted,Turn the next subscriber/follower milestone into a live community vault opening.,
40,ZaiLetsPlay,Gaming,Turn the next subscriber/follower milestone into a live community vault opening.,YouTube Business Enquiry / creator website,,Needs enrichment — source exposes contact route but not a full address,https://www.youtube.com/results?search_query=ZaiLetsPlay,A,ZaiLetsPlay × FanVault — your next milestone,Not contacted,Turn the next subscriber/follower milestone into a live community vault opening.,
41,Oudsidexbox,Gaming,Turn the next subscriber/follower milestone into a live community vault opening.,YouTube Business Enquiry / creator website,,Needs enrichment — source exposes contact route but not a full address,https://www.youtube.com/results?search_query=Oudsidexbox,A,Oudsidexbox × FanVault — your next milestone,Not contacted,Turn the next subscriber/follower milestone into a live community vault opening.,
42,CKN Gaming,Gaming,Turn the next subscriber/follower milestone into a live community vault opening.,YouTube Business Enquiry / creator website,,Needs enrichment — source exposes contact route but not a full address,https://www.youtube.com/results?search_query=CKN%20Gaming,A,CKN Gaming × FanVault — your next milestone,Not contacted,Turn the next subscriber/follower milestone into a live community vault opening.,
43,Game Xplain,Gaming,Turn the next subscriber/follower milestone into a live community vault opening.,YouTube Business Enquiry / creator website,,Needs enrichment — source exposes contact route but not a full address,https://www.youtube.com/results?search_query=Game%20Xplain,A,Game Xplain × FanVault — your next milestone,Not contacted,Turn the next subscriber/follower milestone into a live community vault opening.,
44,PlayStation Access,Gaming,Turn the next subscriber/follower milestone into a live community vault opening.,YouTube Business Enquiry / creator website,,Needs enrichment — source exposes contact route but not a full address,https://www.youtube.com/results?search_query=PlayStation%20Access,A,PlayStation Access × FanVault — your next milestone,Not contacted,Turn the next subscriber/follower milestone into a live community vault opening.,
45,OneyPlays,Gaming,Turn the next subscriber/follower milestone into a live community vault opening.,YouTube Business Enquiry / creator website,,Needs enrichment — source exposes contact route but not a full address,https://www.youtube.com/results?search_query=OneyPlays,A,OneyPlays × FanVault — your next milestone,Not contacted,Turn the next subscriber/follower milestone into a live community vault opening.,
46,Level Cap Gaming,Gaming,Turn the next subscriber/follower milestone into a live community vault opening.,YouTube Business Enquiry / creator website,,Needs enrichment — source exposes contact route but not a full address,https://www.youtube.com/results?search_query=Level%20Cap%20Gaming,A,Level Cap Gaming × FanVault — your next milestone,Not contacted,Turn the next subscriber/follower milestone into a live community vault opening.,
47,Ohmwrecker,Gaming,Turn the next subscriber/follower milestone into a live community vault opening.,YouTube Business Enquiry / creator website,,Needs enrichment — source exposes contact route but not a full address,https://www.youtube.com/results?search_query=Ohmwrecker,A,Ohmwrecker × FanVault — your next milestone,Not contacted,Turn the next subscriber/follower milestone into a live community vault opening.,
48,KairosTime Gaming,Gaming,Turn the next subscriber/follower milestone into a live community vault opening.,YouTube Business Enquiry / creator website,,Needs enrichment — source exposes contact route but not a full address,https://www.youtube.com/results?search_query=KairosTime%20Gaming,A,KairosTime Gaming × FanVault — your next milestone,Not contacted,Turn the next subscriber/follower milestone into a live community vault opening.,
49,Im Marksman,Gaming,Turn the next subscriber/follower milestone into a live community vault opening.,YouTube Business Enquiry / creator website,,Needs enrichment — source exposes contact route but not a full address,https://www.youtube.com/results?search_query=Im%20Marksman,A,Im Marksman × FanVault — your next milestone,Not contacted,Turn the next subscriber/follower milestone into a live community vault opening.,
50,GamingBolt,Gaming,Turn the next subscriber/follower milestone into a live community vault opening.,YouTube Business Enquiry / creator website,,Needs enrichment — source exposes contact route but not a full address,https://www.youtube.com/results?search_query=GamingBolt,A,GamingBolt × FanVault — your next milestone,Not contacted,Turn the next subscriber/follower milestone into a live community vault opening.,
51,Fourzer0seven,Gaming,Turn the next subscriber/follower milestone into a live community vault opening.,YouTube Business Enquiry / creator website,,Needs enrichment — source exposes contact route but not a full address,https://www.youtube.com/results?search_query=Fourzer0seven,A,Fourzer0seven × FanVault — your next milestone,Not contacted,Turn the next subscriber/follower milestone into a live community vault opening.,
52,RadioJH Games,Gaming,Turn the next subscriber/follower milestone into a live community vault opening.,YouTube Business Enquiry / creator website,,Needs enrichment — source exposes contact route but not a full address,https://www.youtube.com/results?search_query=RadioJH%20Games,A,RadioJH Games × FanVault — your next milestone,Not contacted,Turn the next subscriber/follower milestone into a live community vault opening.,
53,HaVoC Gaming,Gaming,Turn the next subscriber/follower milestone into a live community vault opening.,YouTube Business Enquiry / creator website,,Needs enrichment — source exposes contact route but not a full address,https://www.youtube.com/results?search_query=HaVoC%20Gaming,A,HaVoC Gaming × FanVault — your next milestone,Not contacted,Turn the next subscriber/follower milestone into a live community vault opening.,
54,Daylins Funhouse,Gaming,Turn the next subscriber/follower milestone into a live community vault opening.,YouTube Business Enquiry / creator website,,Needs enrichment — source exposes contact route but not a full address,https://www.youtube.com/results?search_query=Daylins%20Funhouse,A,Daylins Funhouse × FanVault — your next milestone,Not contacted,Turn the next subscriber/follower milestone into a live community vault opening.,
55,Woodys Gamertag,Gaming,Turn the next subscriber/follower milestone into a live community vault opening.,YouTube Business Enquiry / creator website,,Needs enrichment — source exposes contact route but not a full address,https://www.youtube.com/results?search_query=Woodys%20Gamertag,A,Woodys Gamertag × FanVault — your next milestone,Not contacted,Turn the next subscriber/follower milestone into a live community vault opening.,
56,OpTic Gaming,Gaming,Turn the next subscriber/follower milestone into a live community vault opening.,YouTube Business Enquiry / creator website,,Needs enrichment — source exposes contact route but not a full address,https://www.youtube.com/results?search_query=OpTic%20Gaming,A,OpTic Gaming × FanVault — your next milestone,Not contacted,Turn the next subscriber/follower milestone into a live community vault opening.,
57,Boss Army,Gaming,Turn the next subscriber/follower milestone into a live community vault opening.,YouTube Business Enquiry / creator website,,Needs enrichment — source exposes contact route but not a full address,https://www.youtube.com/results?search_query=Boss%20Army,A,Boss Army × FanVault — your next milestone,Not contacted,Turn the next subscriber/follower milestone into a live community vault opening.,
58,Mr Sark,Gaming,Turn the next subscriber/follower milestone into a live community vault opening.,YouTube Business Enquiry / creator website,,Needs enrichment — source exposes contact route but not a full address,https://www.youtube.com/results?search_query=Mr%20Sark,A,Mr Sark × FanVault — your next milestone,Not contacted,Turn the next subscriber/follower milestone into a live community vault opening.,
59,Titi Games,Gaming,Turn the next subscriber/follower milestone into a live community vault opening.,YouTube Business Enquiry / creator website,,Needs enrichment — source exposes contact route but not a full address,https://www.youtube.com/results?search_query=Titi%20Games,A,Titi Games × FanVault — your next milestone,Not contacted,Turn the next subscriber/follower milestone into a live community vault opening.,
60,Sopo Squad Gaming,Gaming,Turn the next subscriber/follower milestone into a live community vault opening.,YouTube Business Enquiry / creator website,,Needs enrichment — source exposes contact route but not a full address,https://www.youtube.com/results?search_query=Sopo%20Squad%20Gaming,A,Sopo Squad Gaming × FanVault — your next milestone,Not contacted,Turn the next subscriber/follower milestone into a live community vault opening.,
61,Tribe Gaming,Gaming,Turn the next subscriber/follower milestone into a live community vault opening.,YouTube Business Enquiry / creator website,,Needs enrichment — source exposes contact route but not a full address,https://www.youtube.com/results?search_query=Tribe%20Gaming,A,Tribe Gaming × FanVault — your next milestone,Not contacted,Turn the next subscriber/follower milestone into a live community vault opening.,
62,2ndJerma,Gaming,Turn the next subscriber/follower milestone into a live community vault opening.,YouTube Business Enquiry / creator website,,Needs enrichment — source exposes contact route but not a full address,https://www.youtube.com/results?search_query=2ndJerma,A,2ndJerma × FanVault — your next milestone,Not contacted,Turn the next subscriber/follower milestone into a live community vault opening.,
63,TFS Gaming,Gaming,Turn the next subscriber/follower milestone into a live community vault opening.,YouTube Business Enquiry / creator website,,Needs enrichment — source exposes contact route but not a full address,https://www.youtube.com/results?search_query=TFS%20Gaming,A,TFS Gaming × FanVault — your next milestone,Not contacted,Turn the next subscriber/follower milestone into a live community vault opening.,
64,The Devildog Gamer,Gaming,Turn the next subscriber/follower milestone into a live community vault opening.,YouTube Business Enquiry / creator website,,Needs enrichment — source exposes contact route but not a full address,https://www.youtube.com/results?search_query=The%20Devildog%20Gamer,A,The Devildog Gamer × FanVault — your next milestone,Not contacted,Turn the next subscriber/follower milestone into a live community vault opening.,
65,Pyrerealm Gaming,Gaming,Turn the next subscriber/follower milestone into a live community vault opening.,YouTube Business Enquiry / creator website,,Needs enrichment — source exposes contact route but not a full address,https://www.youtube.com/results?search_query=Pyrerealm%20Gaming,A,Pyrerealm Gaming × FanVault — your next milestone,Not contacted,Turn the next subscriber/follower milestone into a live community vault opening.,
66,Bo Time Gaming,Gaming,Turn the next subscriber/follower milestone into a live community vault opening.,YouTube Business Enquiry / creator website,,Needs enrichment — source exposes contact route but not a full address,https://www.youtube.com/results?search_query=Bo%20Time%20Gaming,A,Bo Time Gaming × FanVault — your next milestone,Not contacted,Turn the next subscriber/follower milestone into a live community vault opening.,
67,Parynhar Gaming,Gaming,Turn the next subscriber/follower milestone into a live community vault opening.,YouTube Business Enquiry / creator website,,Needs enrichment — source exposes contact route but not a full address,https://www.youtube.com/results?search_query=Parynhar%20Gaming,A,Parynhar Gaming × FanVault — your next milestone,Not contacted,Turn the next subscriber/follower milestone into a live community vault opening.,
68,Bryce Games,Gaming,Turn the next subscriber/follower milestone into a live community vault opening.,YouTube Business Enquiry / creator website,,Needs enrichment — source exposes contact route but not a full address,https://www.youtube.com/results?search_query=Bryce%20Games,A,Bryce Games × FanVault — your next milestone,Not contacted,Turn the next subscriber/follower milestone into a live community vault opening.,
69,Manni-Gaming,Gaming,Turn the next subscriber/follower milestone into a live community vault opening.,YouTube Business Enquiry / creator website,,Needs enrichment — source exposes contact route but not a full address,https://www.youtube.com/results?search_query=Manni-Gaming,A,Manni-Gaming × FanVault — your next milestone,Not contacted,Turn the next subscriber/follower milestone into a live community vault opening.,
70,Kinda Funny Games,Gaming,Turn the next subscriber/follower milestone into a live community vault opening.,YouTube Business Enquiry / creator website,,Needs enrichment — source exposes contact route but not a full address,https://www.youtube.com/results?search_query=Kinda%20Funny%20Games,A,Kinda Funny Games × FanVault — your next milestone,Not contacted,Turn the next subscriber/follower milestone into a live community vault opening.,
71,Boomstick Gaming,Gaming,Turn the next subscriber/follower milestone into a live community vault opening.,YouTube Business Enquiry / creator website,,Needs enrichment — source exposes contact route but not a full address,https://www.youtube.com/results?search_query=Boomstick%20Gaming,A,Boomstick Gaming × FanVault — your next milestone,Not contacted,Turn the next subscriber/follower milestone into a live community vault opening.,
72,Suggestive Gaming,Gaming,Turn the next subscriber/follower milestone into a live community vault opening.,YouTube Business Enquiry / creator website,,Needs enrichment — source exposes contact route but not a full address,https://www.youtube.com/results?search_query=Suggestive%20Gaming,A,Suggestive Gaming × FanVault — your next milestone,Not contacted,Turn the next subscriber/follower milestone into a live community vault opening.,
73,AciDic BliTzz,Gaming,Turn the next subscriber/follower milestone into a live community vault opening.,YouTube Business Enquiry / creator website,,Needs enrichment — source exposes contact route but not a full address,https://www.youtube.com/results?search_query=AciDic%20BliTzz,A,AciDic BliTzz × FanVault — your next milestone,Not contacted,Turn the next subscriber/follower milestone into a live community vault opening.,
74,THE GAMING WORLD,Gaming,Turn the next subscriber/follower milestone into a live community vault opening.,YouTube Business Enquiry / creator website,,Needs enrichment — source exposes contact route but not a full address,https://www.youtube.com/results?search_query=THE%20GAMING%20WORLD,A,THE GAMING WORLD × FanVault — your next milestone,Not contacted,Turn the next subscriber/follower milestone into a live community vault opening.,
75,Game Sack,Gaming,Turn the next subscriber/follower milestone into a live community vault opening.,YouTube Business Enquiry / creator website,,Needs enrichment — source exposes contact route but not a full address,https://www.youtube.com/results?search_query=Game%20Sack,A,Game Sack × FanVault — your next milestone,Not contacted,Turn the next subscriber/follower milestone into a live community vault opening.,
76,DanTDM,Gaming,Turn the next subscriber/follower milestone into a live community vault opening.,YouTube Business Enquiry / creator website,,Needs enrichment — source exposes contact route but not a full address,https://www.youtube.com/results?search_query=DanTDM,A,DanTDM × FanVault — your next milestone,Not contacted,Turn the next subscriber/follower milestone into a live community vault opening.,
77,Mumbo Jumbo,Gaming,Turn the next subscriber/follower milestone into a live community vault opening.,YouTube Business Enquiry / creator website,,Needs enrichment — source exposes contact route but not a full address,https://www.youtube.com/results?search_query=Mumbo%20Jumbo,A,Mumbo Jumbo × FanVault — your next milestone,Not contacted,Turn the next subscriber/follower milestone into a live community vault opening.,
78,Slogo,Gaming,Turn the next subscriber/follower milestone into a live community vault opening.,YouTube Business Enquiry / creator website,,Needs enrichment — source exposes contact route but not a full address,https://www.youtube.com/results?search_query=Slogo,A,Slogo × FanVault — your next milestone,Not contacted,Turn the next subscriber/follower milestone into a live community vault opening.,
79,TommyInnit,Gaming,Turn the next subscriber/follower milestone into a live community vault opening.,YouTube Business Enquiry / creator website,,Needs enrichment — source exposes contact route but not a full address,https://www.youtube.com/results?search_query=TommyInnit,A,TommyInnit × FanVault — your next milestone,Not contacted,Turn the next subscriber/follower milestone into a live community vault opening.,
80,Lachlan,Gaming,Turn the next subscriber/follower milestone into a live community vault opening.,YouTube Business Enquiry / creator website,,Needs enrichment — source exposes contact route but not a full address,https://www.youtube.com/results?search_query=Lachlan,A,Lachlan × FanVault — your next milestone,Not contacted,Turn the next subscriber/follower milestone into a live community vault opening.,
81,LazarBeam,Gaming,Turn the next subscriber/follower milestone into a live community vault opening.,YouTube Business Enquiry / creator website,,Needs enrichment — source exposes contact route but not a full address,https://www.youtube.com/results?search_query=LazarBeam,A,LazarBeam × FanVault — your next milestone,Not contacted,Turn the next subscriber/follower milestone into a live community vault opening.,
82,Preston,Gaming,Turn the next subscriber/follower milestone into a live community vault opening.,YouTube Business Enquiry / creator website,,Needs enrichment — source exposes contact route but not a full address,https://www.youtube.com/results?search_query=Preston,A,Preston × FanVault — your next milestone,Not contacted,Turn the next subscriber/follower milestone into a live community vault opening.,
83,Dream,Gaming,Turn the next subscriber/follower milestone into a live community vault opening.,YouTube Business Enquiry / creator website,,Needs enrichment — source exposes contact route but not a full address,https://www.youtube.com/results?search_query=Dream,A,Dream × FanVault — your next milestone,Not contacted,Turn the next subscriber/follower milestone into a live community vault opening.,
84,GeorgeNotFound,Gaming,Turn the next subscriber/follower milestone into a live community vault opening.,YouTube Business Enquiry / creator website,,Needs enrichment — source exposes contact route but not a full address,https://www.youtube.com/results?search_query=GeorgeNotFound,A,GeorgeNotFound × FanVault — your next milestone,Not contacted,Turn the next subscriber/follower milestone into a live community vault opening.,
85,Sapnap,Gaming,Turn the next subscriber/follower milestone into a live community vault opening.,YouTube Business Enquiry / creator website,,Needs enrichment — source exposes contact route but not a full address,https://www.youtube.com/results?search_query=Sapnap,A,Sapnap × FanVault — your next milestone,Not contacted,Turn the next subscriber/follower milestone into a live community vault opening.,
86,Technoblade,Gaming,Turn the next subscriber/follower milestone into a live community vault opening.,YouTube Business Enquiry / creator website,,Needs enrichment — source exposes contact route but not a full address,https://www.youtube.com/results?search_query=Technoblade,A,Technoblade × FanVault — your next milestone,Not contacted,Turn the next subscriber/follower milestone into a live community vault opening.,
87,DreamWasTaken,Gaming,Turn the next subscriber/follower milestone into a live community vault opening.,YouTube Business Enquiry / creator website,,Needs enrichment — source exposes contact route but not a full address,https://www.youtube.com/results?search_query=DreamWasTaken,A,DreamWasTaken × FanVault — your next milestone,Not contacted,Turn the next subscriber/follower milestone into a live community vault opening.,
88,CaptainSparklez,Gaming,Turn the next subscriber/follower milestone into a live community vault opening.,YouTube Business Enquiry / creator website,,Needs enrichment — source exposes contact route but not a full address,https://www.youtube.com/results?search_query=CaptainSparklez,A,CaptainSparklez × FanVault — your next milestone,Not contacted,Turn the next subscriber/follower milestone into a live community vault opening.,
89,PopularMMOs,Gaming,Turn the next subscriber/follower milestone into a live community vault opening.,YouTube Business Enquiry / creator website,,Needs enrichment — source exposes contact route but not a full address,https://www.youtube.com/results?search_query=PopularMMOs,A,PopularMMOs × FanVault — your next milestone,Not contacted,Turn the next subscriber/follower milestone into a live community vault opening.,
90,Unspeakable,Gaming,Turn the next subscriber/follower milestone into a live community vault opening.,YouTube Business Enquiry / creator website,,Needs enrichment — source exposes contact route but not a full address,https://www.youtube.com/results?search_query=Unspeakable,A,Unspeakable × FanVault — your next milestone,Not contacted,Turn the next subscriber/follower milestone into a live community vault opening.,
91,SSundee,Gaming,Turn the next subscriber/follower milestone into a live community vault opening.,YouTube Business Enquiry / creator website,,Needs enrichment — source exposes contact route but not a full address,https://www.youtube.com/results?search_query=SSundee,A,SSundee × FanVault — your next milestone,Not contacted,Turn the next subscriber/follower milestone into a live community vault opening.,
92,Bajan Canadian,Gaming,Turn the next subscriber/follower milestone into a live community vault opening.,YouTube Business Enquiry / creator website,,Needs enrichment — source exposes contact route but not a full address,https://www.youtube.com/results?search_query=Bajan%20Canadian,A,Bajan Canadian × FanVault — your next milestone,Not contacted,Turn the next subscriber/follower milestone into a live community vault opening.,
93,JeromeASF,Gaming,Turn the next subscriber/follower milestone into a live community vault opening.,YouTube Business Enquiry / creator website,,Needs enrichment — source exposes contact route but not a full address,https://www.youtube.com/results?search_query=JeromeASF,A,JeromeASF × FanVault — your next milestone,Not contacted,Turn the next subscriber/follower milestone into a live community vault opening.,
94,Logdotzip,Gaming,Turn the next subscriber/follower milestone into a live community vault opening.,YouTube Business Enquiry / creator website,,Needs enrichment — source exposes contact route but not a full address,https://www.youtube.com/results?search_query=Logdotzip,A,Logdotzip × FanVault — your next milestone,Not contacted,Turn the next subscriber/follower milestone into a live community vault opening.,
95,Brianna,Gaming,Turn the next subscriber/follower milestone into a live community vault opening.,YouTube Business Enquiry / creator website,,Needs enrichment — source exposes contact route but not a full address,https://www.youtube.com/results?search_query=Brianna,A,Brianna × FanVault — your next milestone,Not contacted,Turn the next subscriber/follower milestone into a live community vault opening.,
96,LDShadowLady,Gaming,Turn the next subscriber/follower milestone into a live community vault opening.,YouTube Business Enquiry / creator website,,Needs enrichment — source exposes contact route but not a full address,https://www.youtube.com/results?search_query=LDShadowLady,A,LDShadowLady × FanVault — your next milestone,Not contacted,Turn the next subscriber/follower milestone into a live community vault opening.,
97,SmallishBeans,Gaming,Turn the next subscriber/follower milestone into a live community vault opening.,YouTube Business Enquiry / creator website,,Needs enrichment — source exposes contact route but not a full address,https://www.youtube.com/results?search_query=SmallishBeans,A,SmallishBeans × FanVault — your next milestone,Not contacted,Turn the next subscriber/follower milestone into a live community vault opening.,
98,Grian,Gaming,Turn the next subscriber/follower milestone into a live community vault opening.,YouTube Business Enquiry / creator website,,Needs enrichment — source exposes contact route but not a full address,https://www.youtube.com/results?search_query=Grian,A,Grian × FanVault — your next milestone,Not contacted,Turn the next subscriber/follower milestone into a live community vault opening.,
99,GoodTimesWithScar,Gaming,Turn the next subscriber/follower milestone into a live community vault opening.,YouTube Business Enquiry / creator website,,Needs enrichment — source exposes contact route but not a full address,https://www.youtube.com/results?search_query=GoodTimesWithScar,A,GoodTimesWithScar × FanVault — your next milestone,Not contacted,Turn the next subscriber/follower milestone into a live community vault opening.,
100,GeminiTay,Gaming,Turn the next subscriber/follower milestone into a live community vault opening.,YouTube Business Enquiry / creator website,,Needs enrichment — source exposes contact route but not a full address,https://www.youtube.com/results?search_query=GeminiTay,A,GeminiTay × FanVault — your next milestone,Not contacted,Turn the next subscriber/follower milestone into a live community vault opening.,
101,ImpulseSV,Gaming,Turn the next subscriber/follower milestone into a live community vault opening.,YouTube Business Enquiry / creator website,,Needs enrichment — source exposes contact route but not a full address,https://www.youtube.com/results?search_query=ImpulseSV,A,ImpulseSV × FanVault — your next milestone,Not contacted,Turn the next subscriber/follower milestone into a live community vault opening.,
102,TangoTek,Gaming,Turn the next subscriber/follower milestone into a live community vault opening.,YouTube Business Enquiry / creator website,,Needs enrichment — source exposes contact route but not a full address,https://www.youtube.com/results?search_query=TangoTek,A,TangoTek × FanVault — your next milestone,Not contacted,Turn the next subscriber/follower milestone into a live community vault opening.,
103,KreekCraft,Gaming,Turn the next subscriber/follower milestone into a live community vault opening.,YouTube Business Enquiry / creator website,,Needs enrichment — source exposes contact route but not a full address,https://www.youtube.com/results?search_query=KreekCraft,A,KreekCraft × FanVault — your next milestone,Not contacted,Turn the next subscriber/follower milestone into a live community vault opening.,
104,ItsYeet,Gaming,Turn the next subscriber/follower milestone into a live community vault opening.,YouTube Business Enquiry / creator website,,Needs enrichment — source exposes contact route but not a full address,https://www.youtube.com/results?search_query=ItsYeet,A,ItsYeet × FanVault — your next milestone,Not contacted,Turn the next subscriber/follower milestone into a live community vault opening.,
105,Denis,Gaming,Turn the next subscriber/follower milestone into a live community vault opening.,YouTube Business Enquiry / creator website,,Needs enrichment — source exposes contact route but not a full address,https://www.youtube.com/results?search_query=Denis,A,Denis × FanVault — your next milestone,Not contacted,Turn the next subscriber/follower milestone into a live community vault opening.,
106,Flamingo,Gaming,Turn the next subscriber/follower milestone into a live community vault opening.,YouTube Business Enquiry / creator website,,Needs enrichment — source exposes contact route but not a full address,https://www.youtube.com/results?search_query=Flamingo,A,Flamingo × FanVault — your next milestone,Not contacted,Turn the next subscriber/follower milestone into a live community vault opening.,
107,Sketch,Gaming,Turn the next subscriber/follower milestone into a live community vault opening.,YouTube Business Enquiry / creator website,,Needs enrichment — source exposes contact route but not a full address,https://www.youtube.com/results?search_query=Sketch,A,Sketch × FanVault — your next milestone,Not contacted,Turn the next subscriber/follower milestone into a live community vault opening.,
108,InquisitorMaster,Gaming,Turn the next subscriber/follower milestone into a live community vault opening.,YouTube Business Enquiry / creator website,,Needs enrichment — source exposes contact route but not a full address,https://www.youtube.com/results?search_query=InquisitorMaster,A,InquisitorMaster × FanVault — your next milestone,Not contacted,Turn the next subscriber/follower milestone into a live community vault opening.,
109,Denis Daily,Gaming,Turn the next subscriber/follower milestone into a live community vault opening.,YouTube Business Enquiry / creator website,,Needs enrichment — source exposes contact route but not a full address,https://www.youtube.com/results?search_query=Denis%20Daily,A,Denis Daily × FanVault — your next milestone,Not contacted,Turn the next subscriber/follower milestone into a live community vault opening.,
110,Thinknoodles,Gaming,Turn the next subscriber/follower milestone into a live community vault opening.,YouTube Business Enquiry / creator website,,Needs enrichment — source exposes contact route but not a full address,https://www.youtube.com/results?search_query=Thinknoodles,A,Thinknoodles × FanVault — your next milestone,Not contacted,Turn the next subscriber/follower milestone into a live community vault opening.,
111,Poke,Gaming,Turn the next subscriber/follower milestone into a live community vault opening.,YouTube Business Enquiry / creator website,,Needs enrichment — source exposes contact route but not a full address,https://www.youtube.com/results?search_query=Poke,A,Poke × FanVault — your next milestone,Not contacted,Turn the next subscriber/follower milestone into a live community vault opening.,
112,GamingWithJen,Gaming,Turn the next subscriber/follower milestone into a live community vault opening.,YouTube Business Enquiry / creator website,,Needs enrichment — source exposes contact route but not a full address,https://www.youtube.com/results?search_query=GamingWithJen,A,GamingWithJen × FanVault — your next milestone,Not contacted,Turn the next subscriber/follower milestone into a live community vault opening.,
113,Aphmau,Gaming,Turn the next subscriber/follower milestone into a live community vault opening.,YouTube Business Enquiry / creator website,,Needs enrichment — source exposes contact route but not a full address,https://www.youtube.com/results?search_query=Aphmau,A,Aphmau × FanVault — your next milestone,Not contacted,Turn the next subscriber/follower milestone into a live community vault opening.,
114,Roblox,Gaming,Turn the next subscriber/follower milestone into a live community vault opening.,YouTube Business Enquiry / creator website,,Needs enrichment — source exposes contact route but not a full address,https://www.youtube.com/results?search_query=Roblox,A,Roblox × FanVault — your next milestone,Not contacted,Turn the next subscriber/follower milestone into a live community vault opening.,
115,Furious Jumper,Gaming,Turn the next subscriber/follower milestone into a live community vault opening.,YouTube Business Enquiry / creator website,,Needs enrichment — source exposes contact route but not a full address,https://www.youtube.com/results?search_query=Furious%20Jumper,A,Furious Jumper × FanVault — your next milestone,Not contacted,Turn the next subscriber/follower milestone into a live community vault opening.,
116,Willyrex,Gaming,Turn the next subscriber/follower milestone into a live community vault opening.,YouTube Business Enquiry / creator website,,Needs enrichment — source exposes contact route but not a full address,https://www.youtube.com/results?search_query=Willyrex,A,Willyrex × FanVault — your next milestone,Not contacted,Turn the next subscriber/follower milestone into a live community vault opening.,
117,Unbox Therapy,Technology,Let the tech community leave predictions and messages before the next channel milestone or product era.,YouTube Business Enquiry / creator website,,Needs enrichment — source exposes contact route but not a full address,https://www.youtube.com/results?search_query=Unbox%20Therapy,A,Unbox Therapy × FanVault — your next milestone,Not contacted,Let the tech community leave predictions and messages before the next channel milestone or product era.,
118,Technology Gyan,Technology,Let the tech community leave predictions and messages before the next channel milestone or product era.,YouTube Business Enquiry / creator website,,Needs enrichment — source exposes contact route but not a full address,https://www.youtube.com/results?search_query=Technology%20Gyan,A,Technology Gyan × FanVault — your next milestone,Not contacted,Let the tech community leave predictions and messages before the next channel milestone or product era.,
119,Austin Evans,Technology,Let the tech community leave predictions and messages before the next channel milestone or product era.,YouTube Business Enquiry / creator website,,Needs enrichment — source exposes contact route but not a full address,https://www.youtube.com/results?search_query=Austin%20Evans,A,Austin Evans × FanVault — your next milestone,Not contacted,Let the tech community leave predictions and messages before the next channel milestone or product era.,
120,Mrwhosetheboss,Technology,Let the tech community leave predictions and messages before the next channel milestone or product era.,YouTube Business Enquiry / creator website,,Needs enrichment — source exposes contact route but not a full address,https://www.youtube.com/results?search_query=Mrwhosetheboss,A,Mrwhosetheboss × FanVault — your next milestone,Not contacted,Let the tech community leave predictions and messages before the next channel milestone or product era.,
121,Marques Brownlee,Technology,Let the tech community leave predictions and messages before the next channel milestone or product era.,YouTube Business Enquiry / creator website,,Needs enrichment — source exposes contact route but not a full address,https://www.youtube.com/results?search_query=Marques%20Brownlee,A,Marques Brownlee × FanVault — your next milestone,Not contacted,Let the tech community leave predictions and messages before the next channel milestone or product era.,
122,JerryRigEverything,Technology,Let the tech community leave predictions and messages before the next channel milestone or product era.,YouTube Business Enquiry / creator website,,Needs enrichment — source exposes contact route but not a full address,https://www.youtube.com/results?search_query=JerryRigEverything,A,JerryRigEverything × FanVault — your next milestone,Not contacted,Let the tech community leave predictions and messages before the next channel milestone or product era.,
123,EverythingApplePro EAP,Technology,Let the tech community leave predictions and messages before the next channel milestone or product era.,YouTube Business Enquiry / creator website,,Needs enrichment — source exposes contact route but not a full address,https://www.youtube.com/results?search_query=EverythingApplePro%20EAP,A,EverythingApplePro EAP × FanVault — your next milestone,Not contacted,Let the tech community leave predictions and messages before the next channel milestone or product era.,
124,iJustine,Technology,Let the tech community leave predictions and messages before the next channel milestone or product era.,YouTube Business Enquiry / creator website,,Needs enrichment — source exposes contact route but not a full address,https://www.youtube.com/results?search_query=iJustine,A,iJustine × FanVault — your next milestone,Not contacted,Let the tech community leave predictions and messages before the next channel milestone or product era.,
125,Dave2D,Technology,Let the tech community leave predictions and messages before the next channel milestone or product era.,YouTube Business Enquiry / creator website,,Needs enrichment — source exposes contact route but not a full address,https://www.youtube.com/results?search_query=Dave2D,A,Dave2D × FanVault — your next milestone,Not contacted,Let the tech community leave predictions and messages before the next channel milestone or product era.,
126,Geekyranjit,Technology,Let the tech community leave predictions and messages before the next channel milestone or product era.,YouTube Business Enquiry / creator website,,Needs enrichment — source exposes contact route but not a full address,https://www.youtube.com/results?search_query=Geekyranjit,A,Geekyranjit × FanVault — your next milestone,Not contacted,Let the tech community leave predictions and messages before the next channel milestone or product era.,
127,Hayls World,Technology,Let the tech community leave predictions and messages before the next channel milestone or product era.,YouTube Business Enquiry / creator website,,Needs enrichment — source exposes contact route but not a full address,https://www.youtube.com/results?search_query=Hayls%20World,A,Hayls World × FanVault — your next milestone,Not contacted,Let the tech community leave predictions and messages before the next channel milestone or product era.,
128,Flossy Carter,Technology,Let the tech community leave predictions and messages before the next channel milestone or product era.,YouTube Business Enquiry / creator website,,Needs enrichment — source exposes contact route but not a full address,https://www.youtube.com/results?search_query=Flossy%20Carter,A,Flossy Carter × FanVault — your next milestone,Not contacted,Let the tech community leave predictions and messages before the next channel milestone or product era.,
129,Mary Bautista,Technology,Let the tech community leave predictions and messages before the next channel milestone or product era.,YouTube Business Enquiry / creator website,,Needs enrichment — source exposes contact route but not a full address,https://www.youtube.com/results?search_query=Mary%20Bautista,A,Mary Bautista × FanVault — your next milestone,Not contacted,Let the tech community leave predictions and messages before the next channel milestone or product era.,
130,Nick Ackerman,Technology,Let the tech community leave predictions and messages before the next channel milestone or product era.,YouTube Business Enquiry / creator website,,Needs enrichment — source exposes contact route but not a full address,https://www.youtube.com/results?search_query=Nick%20Ackerman,A,Nick Ackerman × FanVault — your next milestone,Not contacted,Let the tech community leave predictions and messages before the next channel milestone or product era.,
131,Matthew Moniz,Technology,Let the tech community leave predictions and messages before the next channel milestone or product era.,YouTube Business Enquiry / creator website,,Needs enrichment — source exposes contact route but not a full address,https://www.youtube.com/results?search_query=Matthew%20Moniz,A,Matthew Moniz × FanVault — your next milestone,Not contacted,Let the tech community leave predictions and messages before the next channel milestone or product era.,
132,Karl Conrad,Technology,Let the tech community leave predictions and messages before the next channel milestone or product era.,YouTube Business Enquiry / creator website,,Needs enrichment — source exposes contact route but not a full address,https://www.youtube.com/results?search_query=Karl%20Conrad,A,Karl Conrad × FanVault — your next milestone,Not contacted,Let the tech community leave predictions and messages before the next channel milestone or product era.,
133,MobileTechReview,Technology,Let the tech community leave predictions and messages before the next channel milestone or product era.,YouTube Business Enquiry / creator website,,Needs enrichment — source exposes contact route but not a full address,https://www.youtube.com/results?search_query=MobileTechReview,A,MobileTechReview × FanVault — your next milestone,Not contacted,Let the tech community leave predictions and messages before the next channel milestone or product era.,
134,Jarrod'sTech,Technology,Let the tech community leave predictions and messages before the next channel milestone or product era.,YouTube Business Enquiry / creator website,,Needs enrichment — source exposes contact route but not a full address,https://www.youtube.com/results?search_query=Jarrod%27sTech,A,Jarrod'sTech × FanVault — your next milestone,Not contacted,Let the tech community leave predictions and messages before the next channel milestone or product era.,
135,Dawid Does Tech Stuff,Technology,Let the tech community leave predictions and messages before the next channel milestone or product era.,YouTube Business Enquiry / creator website,,Needs enrichment — source exposes contact route but not a full address,https://www.youtube.com/results?search_query=Dawid%20Does%20Tech%20Stuff,A,Dawid Does Tech Stuff × FanVault — your next milestone,Not contacted,Let the tech community leave predictions and messages before the next channel milestone or product era.,
136,Created by Ella,Technology,Let the tech community leave predictions and messages before the next channel milestone or product era.,YouTube Business Enquiry / creator website,,Needs enrichment — source exposes contact route but not a full address,https://www.youtube.com/results?search_query=Created%20by%20Ella,A,Created by Ella × FanVault — your next milestone,Not contacted,Let the tech community leave predictions and messages before the next channel milestone or product era.,
137,Sara Dietschy,Technology,Let the tech community leave predictions and messages before the next channel milestone or product era.,YouTube Business Enquiry / creator website,,Needs enrichment — source exposes contact route but not a full address,https://www.youtube.com/results?search_query=Sara%20Dietschy,A,Sara Dietschy × FanVault — your next milestone,Not contacted,Let the tech community leave predictions and messages before the next channel milestone or product era.,
138,GadgetByte,Technology,Let the tech community leave predictions and messages before the next channel milestone or product era.,YouTube Business Enquiry / creator website,,Needs enrichment — source exposes contact route but not a full address,https://www.youtube.com/results?search_query=GadgetByte,A,GadgetByte × FanVault — your next milestone,Not contacted,Let the tech community leave predictions and messages before the next channel milestone or product era.,
139,Valor Reviews,Technology,Let the tech community leave predictions and messages before the next channel milestone or product era.,YouTube Business Enquiry / creator website,,Needs enrichment — source exposes contact route but not a full address,https://www.youtube.com/results?search_query=Valor%20Reviews,A,Valor Reviews × FanVault — your next milestone,Not contacted,Let the tech community leave predictions and messages before the next channel milestone or product era.,
140,Tech Raj,Technology,Let the tech community leave predictions and messages before the next channel milestone or product era.,YouTube Business Enquiry / creator website,,Needs enrichment — source exposes contact route but not a full address,https://www.youtube.com/results?search_query=Tech%20Raj,A,Tech Raj × FanVault — your next milestone,Not contacted,Let the tech community leave predictions and messages before the next channel milestone or product era.,
141,NothingButTech,Technology,Let the tech community leave predictions and messages before the next channel milestone or product era.,YouTube Business Enquiry / creator website,,Needs enrichment — source exposes contact route but not a full address,https://www.youtube.com/results?search_query=NothingButTech,A,NothingButTech × FanVault — your next milestone,Not contacted,Let the tech community leave predictions and messages before the next channel milestone or product era.,
142,Jeffrey Bowens,Technology,Let the tech community leave predictions and messages before the next channel milestone or product era.,YouTube Business Enquiry / creator website,,Needs enrichment — source exposes contact route but not a full address,https://www.youtube.com/results?search_query=Jeffrey%20Bowens,A,Jeffrey Bowens × FanVault — your next milestone,Not contacted,Let the tech community leave predictions and messages before the next channel milestone or product era.,
143,Zadius Tech,Technology,Let the tech community leave predictions and messages before the next channel milestone or product era.,YouTube Business Enquiry / creator website,,Needs enrichment — source exposes contact route but not a full address,https://www.youtube.com/results?search_query=Zadius%20Tech,A,Zadius Tech × FanVault — your next milestone,Not contacted,Let the tech community leave predictions and messages before the next channel milestone or product era.,
144,Dayo Aworunse,Technology,Let the tech community leave predictions and messages before the next channel milestone or product era.,YouTube Business Enquiry / creator website,,Needs enrichment — source exposes contact route but not a full address,https://www.youtube.com/results?search_query=Dayo%20Aworunse,A,Dayo Aworunse × FanVault — your next milestone,Not contacted,Let the tech community leave predictions and messages before the next channel milestone or product era.,
145,The Tech Preacher,Technology,Let the tech community leave predictions and messages before the next channel milestone or product era.,YouTube Business Enquiry / creator website,,Needs enrichment — source exposes contact route but not a full address,https://www.youtube.com/results?search_query=The%20Tech%20Preacher,A,The Tech Preacher × FanVault — your next milestone,Not contacted,Let the tech community leave predictions and messages before the next channel milestone or product era.,
146,Touch Technology Review,Technology,Let the tech community leave predictions and messages before the next channel milestone or product era.,YouTube Business Enquiry / creator website,,Needs enrichment — source exposes contact route but not a full address,https://www.youtube.com/results?search_query=Touch%20Technology%20Review,A,Touch Technology Review × FanVault — your next milestone,Not contacted,Let the tech community leave predictions and messages before the next channel milestone or product era.,
147,OWNorDisown,Technology,Let the tech community leave predictions and messages before the next channel milestone or product era.,YouTube Business Enquiry / creator website,,Needs enrichment — source exposes contact route but not a full address,https://www.youtube.com/results?search_query=OWNorDisown,A,OWNorDisown × FanVault — your next milestone,Not contacted,Let the tech community leave predictions and messages before the next channel milestone or product era.,
148,The Tech Reviewer,Technology,Let the tech community leave predictions and messages before the next channel milestone or product era.,YouTube Business Enquiry / creator website,,Needs enrichment — source exposes contact route but not a full address,https://www.youtube.com/results?search_query=The%20Tech%20Reviewer,A,The Tech Reviewer × FanVault — your next milestone,Not contacted,Let the tech community leave predictions and messages before the next channel milestone or product era.,
149,Mark Franks Tech Reviews,Technology,Let the tech community leave predictions and messages before the next channel milestone or product era.,YouTube Business Enquiry / creator website,,Needs enrichment — source exposes contact route but not a full address,https://www.youtube.com/results?search_query=Mark%20Franks%20Tech%20Reviews,A,Mark Franks Tech Reviews × FanVault — your next milestone,Not contacted,Let the tech community leave predictions and messages before the next channel milestone or product era.,
150,TechOutAdam,Technology,Let the tech community leave predictions and messages before the next channel milestone or product era.,YouTube Business Enquiry / creator website,,Needs enrichment — source exposes contact route but not a full address,https://www.youtube.com/results?search_query=TechOutAdam,A,TechOutAdam × FanVault — your next milestone,Not contacted,Let the tech community leave predictions and messages before the next channel milestone or product era.,
151,Ezekielo,Technology,Let the tech community leave predictions and messages before the next channel milestone or product era.,YouTube Business Enquiry / creator website,,Needs enrichment — source exposes contact route but not a full address,https://www.youtube.com/results?search_query=Ezekielo,A,Ezekielo × FanVault — your next milestone,Not contacted,Let the tech community leave predictions and messages before the next channel milestone or product era.,
152,Quick Tech Reviews,Technology,Let the tech community leave predictions and messages before the next channel milestone or product era.,YouTube Business Enquiry / creator website,,Needs enrichment — source exposes contact route but not a full address,https://www.youtube.com/results?search_query=Quick%20Tech%20Reviews,A,Quick Tech Reviews × FanVault — your next milestone,Not contacted,Let the tech community leave predictions and messages before the next channel milestone or product era.,
153,Mike Drops Tech,Technology,Let the tech community leave predictions and messages before the next channel milestone or product era.,YouTube Business Enquiry / creator website,,Needs enrichment — source exposes contact route but not a full address,https://www.youtube.com/results?search_query=Mike%20Drops%20Tech,A,Mike Drops Tech × FanVault — your next milestone,Not contacted,Let the tech community leave predictions and messages before the next channel milestone or product era.,
154,Lady Red's Tech Reviews,Technology,Let the tech community leave predictions and messages before the next channel milestone or product era.,YouTube Business Enquiry / creator website,,Needs enrichment — source exposes contact route but not a full address,https://www.youtube.com/results?search_query=Lady%20Red%27s%20Tech%20Reviews,A,Lady Red's Tech Reviews × FanVault — your next milestone,Not contacted,Let the tech community leave predictions and messages before the next channel milestone or product era.,
155,Linus Tech Tips,Technology,Let the tech community leave predictions and messages before the next channel milestone or product era.,YouTube Business Enquiry / creator website,,Needs enrichment — source exposes contact route but not a full address,https://www.youtube.com/results?search_query=Linus%20Tech%20Tips,A,Linus Tech Tips × FanVault — your next milestone,Not contacted,Let the tech community leave predictions and messages before the next channel milestone or product era.,
156,CNET,Technology,Let the tech community leave predictions and messages before the next channel milestone or product era.,YouTube Business Enquiry / creator website,,Needs enrichment — source exposes contact route but not a full address,https://www.youtube.com/results?search_query=CNET,A,CNET × FanVault — your next milestone,Not contacted,Let the tech community leave predictions and messages before the next channel milestone or product era.,
157,Techquickie,Technology,Let the tech community leave predictions and messages before the next channel milestone or product era.,YouTube Business Enquiry / creator website,,Needs enrichment — source exposes contact route but not a full address,https://www.youtube.com/results?search_query=Techquickie,A,Techquickie × FanVault — your next milestone,Not contacted,Let the tech community leave predictions and messages before the next channel milestone or product era.,
158,Make,Technology,Let the tech community leave predictions and messages before the next channel milestone or product era.,YouTube Business Enquiry / creator website,,Needs enrichment — source exposes contact route but not a full address,https://www.youtube.com/results?search_query=Make,A,Make × FanVault — your next milestone,Not contacted,Let the tech community leave predictions and messages before the next channel milestone or product era.,
159,Minds Eye Design,Technology,Let the tech community leave predictions and messages before the next channel milestone or product era.,YouTube Business Enquiry / creator website,,Needs enrichment — source exposes contact route but not a full address,https://www.youtube.com/results?search_query=Minds%20Eye%20Design,A,Minds Eye Design × FanVault — your next milestone,Not contacted,Let the tech community leave predictions and messages before the next channel milestone or product era.,
160,Computer Clan,Technology,Let the tech community leave predictions and messages before the next channel milestone or product era.,YouTube Business Enquiry / creator website,,Needs enrichment — source exposes contact route but not a full address,https://www.youtube.com/results?search_query=Computer%20Clan,A,Computer Clan × FanVault — your next milestone,Not contacted,Let the tech community leave predictions and messages before the next channel milestone or product era.,
161,Andrew Marc David,Technology,Let the tech community leave predictions and messages before the next channel milestone or product era.,YouTube Business Enquiry / creator website,,Needs enrichment — source exposes contact route but not a full address,https://www.youtube.com/results?search_query=Andrew%20Marc%20David,A,Andrew Marc David × FanVault — your next milestone,Not contacted,Let the tech community leave predictions and messages before the next channel milestone or product era.,
162,TechFlow,Technology,Let the tech community leave predictions and messages before the next channel milestone or product era.,YouTube Business Enquiry / creator website,,Needs enrichment — source exposes contact route but not a full address,https://www.youtube.com/results?search_query=TechFlow,A,TechFlow × FanVault — your next milestone,Not contacted,Let the tech community leave predictions and messages before the next channel milestone or product era.,
163,Just Josh,Technology,Let the tech community leave predictions and messages before the next channel milestone or product era.,YouTube Business Enquiry / creator website,,Needs enrichment — source exposes contact route but not a full address,https://www.youtube.com/results?search_query=Just%20Josh,A,Just Josh × FanVault — your next milestone,Not contacted,Let the tech community leave predictions and messages before the next channel milestone or product era.,
164,Sneed Mobile Tech,Technology,Let the tech community leave predictions and messages before the next channel milestone or product era.,YouTube Business Enquiry / creator website,,Needs enrichment — source exposes contact route but not a full address,https://www.youtube.com/results?search_query=Sneed%20Mobile%20Tech,A,Sneed Mobile Tech × FanVault — your next milestone,Not contacted,Let the tech community leave predictions and messages before the next channel milestone or product era.,
165,Review Tech TV,Technology,Let the tech community leave predictions and messages before the next channel milestone or product era.,YouTube Business Enquiry / creator website,,Needs enrichment — source exposes contact route but not a full address,https://www.youtube.com/results?search_query=Review%20Tech%20TV,A,Review Tech TV × FanVault — your next milestone,Not contacted,Let the tech community leave predictions and messages before the next channel milestone or product era.,
166,Microsoft Tech Community,Technology,Let the tech community leave predictions and messages before the next channel milestone or product era.,YouTube Business Enquiry / creator website,,Needs enrichment — source exposes contact route but not a full address,https://www.youtube.com/results?search_query=Microsoft%20Tech%20Community,A,Microsoft Tech Community × FanVault — your next milestone,Not contacted,Let the tech community leave predictions and messages before the next channel milestone or product era.,
167,AXM Tech Reviews,Technology,Let the tech community leave predictions and messages before the next channel milestone or product era.,YouTube Business Enquiry / creator website,,Needs enrichment — source exposes contact route but not a full address,https://www.youtube.com/results?search_query=AXM%20Tech%20Reviews,A,AXM Tech Reviews × FanVault — your next milestone,Not contacted,Let the tech community leave predictions and messages before the next channel milestone or product era.,
168,Primitive Technology,Technology,Let the tech community leave predictions and messages before the next channel milestone or product era.,YouTube Business Enquiry / creator website,,Needs enrichment — source exposes contact route but not a full address,https://www.youtube.com/results?search_query=Primitive%20Technology,A,Primitive Technology × FanVault — your next milestone,Not contacted,Let the tech community leave predictions and messages before the next channel milestone or product era.,
169,Beebom,Technology,Let the tech community leave predictions and messages before the next channel milestone or product era.,YouTube Business Enquiry / creator website,,Needs enrichment — source exposes contact route but not a full address,https://www.youtube.com/results?search_query=Beebom,A,Beebom × FanVault — your next milestone,Not contacted,Let the tech community leave predictions and messages before the next channel milestone or product era.,
170,The Verge,Technology,Let the tech community leave predictions and messages before the next channel milestone or product era.,YouTube Business Enquiry / creator website,,Needs enrichment — source exposes contact route but not a full address,https://www.youtube.com/results?search_query=The%20Verge,A,The Verge × FanVault — your next milestone,Not contacted,Let the tech community leave predictions and messages before the next channel milestone or product era.,
171,TechSource,Technology,Let the tech community leave predictions and messages before the next channel milestone or product era.,YouTube Business Enquiry / creator website,,Needs enrichment — source exposes contact route but not a full address,https://www.youtube.com/results?search_query=TechSource,A,TechSource × FanVault — your next milestone,Not contacted,Let the tech community leave predictions and messages before the next channel milestone or product era.,
172,Android Authority,Technology,Let the tech community leave predictions and messages before the next channel milestone or product era.,YouTube Business Enquiry / creator website,,Needs enrichment — source exposes contact route but not a full address,https://www.youtube.com/results?search_query=Android%20Authority,A,Android Authority × FanVault — your next milestone,Not contacted,Let the tech community leave predictions and messages before the next channel milestone or product era.,
173,TechWiser,Technology,Let the tech community leave predictions and messages before the next channel milestone or product era.,YouTube Business Enquiry / creator website,,Needs enrichment — source exposes contact route but not a full address,https://www.youtube.com/results?search_query=TechWiser,A,TechWiser × FanVault — your next milestone,Not contacted,Let the tech community leave predictions and messages before the next channel milestone or product era.,
174,TechSmartt,Technology,Let the tech community leave predictions and messages before the next channel milestone or product era.,YouTube Business Enquiry / creator website,,Needs enrichment — source exposes contact route but not a full address,https://www.youtube.com/results?search_query=TechSmartt,A,TechSmartt × FanVault — your next milestone,Not contacted,Let the tech community leave predictions and messages before the next channel milestone or product era.,
175,Technology Connections,Technology,Let the tech community leave predictions and messages before the next channel milestone or product era.,YouTube Business Enquiry / creator website,,Needs enrichment — source exposes contact route but not a full address,https://www.youtube.com/results?search_query=Technology%20Connections,A,Technology Connections × FanVault — your next milestone,Not contacted,Let the tech community leave predictions and messages before the next channel milestone or product era.,
176,XEETECHCARE,Technology,Let the tech community leave predictions and messages before the next channel milestone or product era.,YouTube Business Enquiry / creator website,,Needs enrichment — source exposes contact route but not a full address,https://www.youtube.com/results?search_query=XEETECHCARE,A,XEETECHCARE × FanVault — your next milestone,Not contacted,Let the tech community leave predictions and messages before the next channel milestone or product era.,
177,zollotech,Technology,Let the tech community leave predictions and messages before the next channel milestone or product era.,YouTube Business Enquiry / creator website,,Needs enrichment — source exposes contact route but not a full address,https://www.youtube.com/results?search_query=zollotech,A,zollotech × FanVault — your next milestone,Not contacted,Let the tech community leave predictions and messages before the next channel milestone or product era.,
178,Pocketnow,Technology,Let the tech community leave predictions and messages before the next channel milestone or product era.,YouTube Business Enquiry / creator website,,Needs enrichment — source exposes contact route but not a full address,https://www.youtube.com/results?search_query=Pocketnow,A,Pocketnow × FanVault — your next milestone,Not contacted,Let the tech community leave predictions and messages before the next channel milestone or product era.,
179,SuperSaf,Technology,Let the tech community leave predictions and messages before the next channel milestone or product era.,YouTube Business Enquiry / creator website,,Needs enrichment — source exposes contact route but not a full address,https://www.youtube.com/results?search_query=SuperSaf,A,SuperSaf × FanVault — your next milestone,Not contacted,Let the tech community leave predictions and messages before the next channel milestone or product era.,
180,Freeze Lists,Technology,Let the tech community leave predictions and messages before the next channel milestone or product era.,YouTube Business Enquiry / creator website,,Needs enrichment — source exposes contact route but not a full address,https://www.youtube.com/results?search_query=Freeze%20Lists,A,Freeze Lists × FanVault — your next milestone,Not contacted,Let the tech community leave predictions and messages before the next channel milestone or product era.,
181,Jonathan Morrison,Technology,Let the tech community leave predictions and messages before the next channel milestone or product era.,YouTube Business Enquiry / creator website,,Needs enrichment — source exposes contact route but not a full address,https://www.youtube.com/results?search_query=Jonathan%20Morrison,A,Jonathan Morrison × FanVault — your next milestone,Not contacted,Let the tech community leave predictions and messages before the next channel milestone or product era.,
182,Jon Rettinger,Technology,Let the tech community leave predictions and messages before the next channel milestone or product era.,YouTube Business Enquiry / creator website,,Needs enrichment — source exposes contact route but not a full address,https://www.youtube.com/results?search_query=Jon%20Rettinger,A,Jon Rettinger × FanVault — your next milestone,Not contacted,Let the tech community leave predictions and messages before the next channel milestone or product era.,
183,GSMArena,Technology,Let the tech community leave predictions and messages before the next channel milestone or product era.,YouTube Business Enquiry / creator website,,Needs enrichment — source exposes contact route but not a full address,https://www.youtube.com/results?search_query=GSMArena,A,GSMArena × FanVault — your next milestone,Not contacted,Let the tech community leave predictions and messages before the next channel milestone or product era.,
184,randomfrankp,Technology,Let the tech community leave predictions and messages before the next channel milestone or product era.,YouTube Business Enquiry / creator website,,Needs enrichment — source exposes contact route but not a full address,https://www.youtube.com/results?search_query=randomfrankp,A,randomfrankp × FanVault — your next milestone,Not contacted,Let the tech community leave predictions and messages before the next channel milestone or product era.,
185,Hardware Canucks,Technology,Let the tech community leave predictions and messages before the next channel milestone or product era.,YouTube Business Enquiry / creator website,,Needs enrichment — source exposes contact route but not a full address,https://www.youtube.com/results?search_query=Hardware%20Canucks,A,Hardware Canucks × FanVault — your next milestone,Not contacted,Let the tech community leave predictions and messages before the next channel milestone or product era.,
186,Google Developers,Technology,Let the tech community leave predictions and messages before the next channel milestone or product era.,YouTube Business Enquiry / creator website,,Needs enrichment — source exposes contact route but not a full address,https://www.youtube.com/results?search_query=Google%20Developers,A,Google Developers × FanVault — your next milestone,Not contacted,Let the tech community leave predictions and messages before the next channel milestone or product era.,
187,TOP 10 INFORMATION,Technology,Let the tech community leave predictions and messages before the next channel milestone or product era.,YouTube Business Enquiry / creator website,,Needs enrichment — source exposes contact route but not a full address,https://www.youtube.com/results?search_query=TOP%2010%20INFORMATION,A,TOP 10 INFORMATION × FanVault — your next milestone,Not contacted,Let the tech community leave predictions and messages before the next channel milestone or product era.,
188,C4ETech English,Technology,Let the tech community leave predictions and messages before the next channel milestone or product era.,YouTube Business Enquiry / creator website,,Needs enrichment — source exposes contact route but not a full address,https://www.youtube.com/results?search_query=C4ETech%20English,A,C4ETech English × FanVault — your next milestone,Not contacted,Let the tech community leave predictions and messages before the next channel milestone or product era.,
189,PhoneArena,Technology,Let the tech community leave predictions and messages before the next channel milestone or product era.,YouTube Business Enquiry / creator website,,Needs enrichment — source exposes contact route but not a full address,https://www.youtube.com/results?search_query=PhoneArena,A,PhoneArena × FanVault — your next milestone,Not contacted,Let the tech community leave predictions and messages before the next channel milestone or product era.,
190,Windows,Technology,Let the tech community leave predictions and messages before the next channel milestone or product era.,YouTube Business Enquiry / creator website,,Needs enrichment — source exposes contact route but not a full address,https://www.youtube.com/results?search_query=Windows,A,Windows × FanVault — your next milestone,Not contacted,Let the tech community leave predictions and messages before the next channel milestone or product era.,
191,The Tech Chap,Technology,Let the tech community leave predictions and messages before the next channel milestone or product era.,YouTube Business Enquiry / creator website,,Needs enrichment — source exposes contact route but not a full address,https://www.youtube.com/results?search_query=The%20Tech%20Chap,A,The Tech Chap × FanVault — your next milestone,Not contacted,Let the tech community leave predictions and messages before the next channel milestone or product era.,
192,Tech Spurt,Technology,Let the tech community leave predictions and messages before the next channel milestone or product era.,YouTube Business Enquiry / creator website,,Needs enrichment — source exposes contact route but not a full address,https://www.youtube.com/results?search_query=Tech%20Spurt,A,Tech Spurt × FanVault — your next milestone,Not contacted,Let the tech community leave predictions and messages before the next channel milestone or product era.,
193,ZONEofTECH,Technology,Let the tech community leave predictions and messages before the next channel milestone or product era.,YouTube Business Enquiry / creator website,,Needs enrichment — source exposes contact route but not a full address,https://www.youtube.com/results?search_query=ZONEofTECH,A,ZONEofTECH × FanVault — your next milestone,Not contacted,Let the tech community leave predictions and messages before the next channel milestone or product era.,
194,Techmoan,Technology,Let the tech community leave predictions and messages before the next channel milestone or product era.,YouTube Business Enquiry / creator website,,Needs enrichment — source exposes contact route but not a full address,https://www.youtube.com/results?search_query=Techmoan,A,Techmoan × FanVault — your next milestone,Not contacted,Let the tech community leave predictions and messages before the next channel milestone or product era.,
195,Britec09,Technology,Let the tech community leave predictions and messages before the next channel milestone or product era.,YouTube Business Enquiry / creator website,,Needs enrichment — source exposes contact route but not a full address,https://www.youtube.com/results?search_query=Britec09,A,Britec09 × FanVault — your next milestone,Not contacted,Let the tech community leave predictions and messages before the next channel milestone or product era.,
196,ExplainingComputers,Technology,Let the tech community leave predictions and messages before the next channel milestone or product era.,YouTube Business Enquiry / creator website,,Needs enrichment — source exposes contact route but not a full address,https://www.youtube.com/results?search_query=ExplainingComputers,A,ExplainingComputers × FanVault — your next milestone,Not contacted,Let the tech community leave predictions and messages before the next channel milestone or product era.,
197,HDTVTest,Technology,Let the tech community leave predictions and messages before the next channel milestone or product era.,YouTube Business Enquiry / creator website,,Needs enrichment — source exposes contact route but not a full address,https://www.youtube.com/results?search_query=HDTVTest,A,HDTVTest × FanVault — your next milestone,Not contacted,Let the tech community leave predictions and messages before the next channel milestone or product era.,
198,WhatGear,Technology,Let the tech community leave predictions and messages before the next channel milestone or product era.,YouTube Business Enquiry / creator website,,Needs enrichment — source exposes contact route but not a full address,https://www.youtube.com/results?search_query=WhatGear,A,WhatGear × FanVault — your next milestone,Not contacted,Let the tech community leave predictions and messages before the next channel milestone or product era.,
199,KitGuruTech,Technology,Let the tech community leave predictions and messages before the next channel milestone or product era.,YouTube Business Enquiry / creator website,,Needs enrichment — source exposes contact route but not a full address,https://www.youtube.com/results?search_query=KitGuruTech,A,KitGuruTech × FanVault — your next milestone,Not contacted,Let the tech community leave predictions and messages before the next channel milestone or product era.,
200,Code with Ania Kubów,Technology,Let the tech community leave predictions and messages before the next channel milestone or product era.,YouTube Business Enquiry / creator website,,Needs enrichment — source exposes contact route but not a full address,https://www.youtube.com/results?search_query=Code%20with%20Ania%20Kub%C3%B3w,A,Code with Ania Kubów × FanVault — your next milestone,Not contacted,Let the tech community leave predictions and messages before the next channel milestone or product era.,
201,Mike's Unboxing,Technology,Let the tech community leave predictions and messages before the next channel milestone or product era.,YouTube Business Enquiry / creator website,,Needs enrichment — source exposes contact route but not a full address,https://www.youtube.com/results?search_query=Mike%27s%20Unboxing,A,Mike's Unboxing × FanVault — your next milestone,Not contacted,Let the tech community leave predictions and messages before the next channel milestone or product era.,
202,Stu's Reviews,Technology,Let the tech community leave predictions and messages before the next channel milestone or product era.,YouTube Business Enquiry / creator website,,Needs enrichment — source exposes contact route but not a full address,https://www.youtube.com/results?search_query=Stu%27s%20Reviews,A,Stu's Reviews × FanVault — your next milestone,Not contacted,Let the tech community leave predictions and messages before the next channel milestone or product era.,
203,Alex Gear & Tech,Technology,Let the tech community leave predictions and messages before the next channel milestone or product era.,YouTube Business Enquiry / creator website,,Needs enrichment — source exposes contact route but not a full address,https://www.youtube.com/results?search_query=Alex%20Gear%20%26%20Tech,A,Alex Gear & Tech × FanVault — your next milestone,Not contacted,Let the tech community leave predictions and messages before the next channel milestone or product era.,
204,Tech Minds,Technology,Let the tech community leave predictions and messages before the next channel milestone or product era.,YouTube Business Enquiry / creator website,,Needs enrichment — source exposes contact route but not a full address,https://www.youtube.com/results?search_query=Tech%20Minds,A,Tech Minds × FanVault — your next milestone,Not contacted,Let the tech community leave predictions and messages before the next channel milestone or product era.,
205,TA Tech,Technology,Let the tech community leave predictions and messages before the next channel milestone or product era.,YouTube Business Enquiry / creator website,,Needs enrichment — source exposes contact route but not a full address,https://www.youtube.com/results?search_query=TA%20Tech,A,TA Tech × FanVault — your next milestone,Not contacted,Let the tech community leave predictions and messages before the next channel milestone or product era.,
206,ScorpioTech,Technology,Let the tech community leave predictions and messages before the next channel milestone or product era.,YouTube Business Enquiry / creator website,,Needs enrichment — source exposes contact route but not a full address,https://www.youtube.com/results?search_query=ScorpioTech,A,ScorpioTech × FanVault — your next milestone,Not contacted,Let the tech community leave predictions and messages before the next channel milestone or product era.,
207,eTeknix,Technology,Let the tech community leave predictions and messages before the next channel milestone or product era.,YouTube Business Enquiry / creator website,,Needs enrichment — source exposes contact route but not a full address,https://www.youtube.com/results?search_query=eTeknix,A,eTeknix × FanVault — your next milestone,Not contacted,Let the tech community leave predictions and messages before the next channel milestone or product era.,
208,Scan Computers,Technology,Let the tech community leave predictions and messages before the next channel milestone or product era.,YouTube Business Enquiry / creator website,,Needs enrichment — source exposes contact route but not a full address,https://www.youtube.com/results?search_query=Scan%20Computers,A,Scan Computers × FanVault — your next milestone,Not contacted,Let the tech community leave predictions and messages before the next channel milestone or product era.,
209,Gadget John,Technology,Let the tech community leave predictions and messages before the next channel milestone or product era.,YouTube Business Enquiry / creator website,,Needs enrichment — source exposes contact route but not a full address,https://www.youtube.com/results?search_query=Gadget%20John,A,Gadget John × FanVault — your next milestone,Not contacted,Let the tech community leave predictions and messages before the next channel milestone or product era.,
210,Tech In The Car,Technology,Let the tech community leave predictions and messages before the next channel milestone or product era.,YouTube Business Enquiry / creator website,,Needs enrichment — source exposes contact route but not a full address,https://www.youtube.com/results?search_query=Tech%20In%20The%20Car,A,Tech In The Car × FanVault — your next milestone,Not contacted,Let the tech community leave predictions and messages before the next channel milestone or product era.,
211,Tech Room UK,Technology,Let the tech community leave predictions and messages before the next channel milestone or product era.,YouTube Business Enquiry / creator website,,Needs enrichment — source exposes contact route but not a full address,https://www.youtube.com/results?search_query=Tech%20Room%20UK,A,Tech Room UK × FanVault — your next milestone,Not contacted,Let the tech community leave predictions and messages before the next channel milestone or product era.,
212,Tech Check,Technology,Let the tech community leave predictions and messages before the next channel milestone or product era.,YouTube Business Enquiry / creator website,,Needs enrichment — source exposes contact route but not a full address,https://www.youtube.com/results?search_query=Tech%20Check,A,Tech Check × FanVault — your next milestone,Not contacted,Let the tech community leave predictions and messages before the next channel milestone or product era.,
213,Drone UK,Technology,Let the tech community leave predictions and messages before the next channel milestone or product era.,YouTube Business Enquiry / creator website,,Needs enrichment — source exposes contact route but not a full address,https://www.youtube.com/results?search_query=Drone%20UK,A,Drone UK × FanVault — your next milestone,Not contacted,Let the tech community leave predictions and messages before the next channel milestone or product era.,
214,SuperSaf TV,Technology,Let the tech community leave predictions and messages before the next channel milestone or product era.,YouTube Business Enquiry / creator website,,Needs enrichment — source exposes contact route but not a full address,https://www.youtube.com/results?search_query=SuperSaf%20TV,A,SuperSaf TV × FanVault — your next milestone,Not contacted,Let the tech community leave predictions and messages before the next channel milestone or product era.,
215,Recombu,Technology,Let the tech community leave predictions and messages before the next channel milestone or product era.,YouTube Business Enquiry / creator website,,Needs enrichment — source exposes contact route but not a full address,https://www.youtube.com/results?search_query=Recombu,A,Recombu × FanVault — your next milestone,Not contacted,Let the tech community leave predictions and messages before the next channel milestone or product era.,
216,Mobile Fun,Technology,Let the tech community leave predictions and messages before the next channel milestone or product era.,YouTube Business Enquiry / creator website,,Needs enrichment — source exposes contact route but not a full address,https://www.youtube.com/results?search_query=Mobile%20Fun,A,Mobile Fun × FanVault — your next milestone,Not contacted,Let the tech community leave predictions and messages before the next channel milestone or product era.,
217,Mark Ellis Reviews,Technology,Let the tech community leave predictions and messages before the next channel milestone or product era.,YouTube Business Enquiry / creator website,,Needs enrichment — source exposes contact route but not a full address,https://www.youtube.com/results?search_query=Mark%20Ellis%20Reviews,A,Mark Ellis Reviews × FanVault — your next milestone,Not contacted,Let the tech community leave predictions and messages before the next channel milestone or product era.,
218,Trusted Reviews,Technology,Let the tech community leave predictions and messages before the next channel milestone or product era.,YouTube Business Enquiry / creator website,,Needs enrichment — source exposes contact route but not a full address,https://www.youtube.com/results?search_query=Trusted%20Reviews,A,Trusted Reviews × FanVault — your next milestone,Not contacted,Let the tech community leave predictions and messages before the next channel milestone or product era.,
219,Tech for Techs,Technology,Let the tech community leave predictions and messages before the next channel milestone or product era.,YouTube Business Enquiry / creator website,,Needs enrichment — source exposes contact route but not a full address,https://www.youtube.com/results?search_query=Tech%20for%20Techs,A,Tech for Techs × FanVault — your next milestone,Not contacted,Let the tech community leave predictions and messages before the next channel milestone or product era.,
220,Trending Reviews,Technology,Let the tech community leave predictions and messages before the next channel milestone or product era.,YouTube Business Enquiry / creator website,,Needs enrichment — source exposes contact route but not a full address,https://www.youtube.com/results?search_query=Trending%20Reviews,A,Trending Reviews × FanVault — your next milestone,Not contacted,Let the tech community leave predictions and messages before the next channel milestone or product era.,
221,Life of Tech,Technology,Let the tech community leave predictions and messages before the next channel milestone or product era.,YouTube Business Enquiry / creator website,,Needs enrichment — source exposes contact route but not a full address,https://www.youtube.com/results?search_query=Life%20of%20Tech,A,Life of Tech × FanVault — your next milestone,Not contacted,Let the tech community leave predictions and messages before the next channel milestone or product era.,
222,Thommo's Tech,Technology,Let the tech community leave predictions and messages before the next channel milestone or product era.,YouTube Business Enquiry / creator website,,Needs enrichment — source exposes contact route but not a full address,https://www.youtube.com/results?search_query=Thommo%27s%20Tech,A,Thommo's Tech × FanVault — your next milestone,Not contacted,Let the tech community leave predictions and messages before the next channel milestone or product era.,
223,RMD Tech,Technology,Let the tech community leave predictions and messages before the next channel milestone or product era.,YouTube Business Enquiry / creator website,,Needs enrichment — source exposes contact route but not a full address,https://www.youtube.com/results?search_query=RMD%20Tech,A,RMD Tech × FanVault — your next milestone,Not contacted,Let the tech community leave predictions and messages before the next channel milestone or product era.,
224,TechJayUK,Technology,Let the tech community leave predictions and messages before the next channel milestone or product era.,YouTube Business Enquiry / creator website,,Needs enrichment — source exposes contact route but not a full address,https://www.youtube.com/results?search_query=TechJayUK,A,TechJayUK × FanVault — your next milestone,Not contacted,Let the tech community leave predictions and messages before the next channel milestone or product era.,
225,Plugged-in AV,Technology,Let the tech community leave predictions and messages before the next channel milestone or product era.,YouTube Business Enquiry / creator website,,Needs enrichment — source exposes contact route but not a full address,https://www.youtube.com/results?search_query=Plugged-in%20AV,A,Plugged-in AV × FanVault — your next milestone,Not contacted,Let the tech community leave predictions and messages before the next channel milestone or product era.,
226,Tech With Dom,Technology,Let the tech community leave predictions and messages before the next channel milestone or product era.,YouTube Business Enquiry / creator website,,Needs enrichment — source exposes contact route but not a full address,https://www.youtube.com/results?search_query=Tech%20With%20Dom,A,Tech With Dom × FanVault — your next milestone,Not contacted,Let the tech community leave predictions and messages before the next channel milestone or product era.,
227,The Net Ninja,Technology,Let the tech community leave predictions and messages before the next channel milestone or product era.,YouTube Business Enquiry / creator website,,Needs enrichment — source exposes contact route but not a full address,https://www.youtube.com/results?search_query=The%20Net%20Ninja,A,The Net Ninja × FanVault — your next milestone,Not contacted,Let the tech community leave predictions and messages before the next channel milestone or product era.,
228,Amigoscode,Technology,Let the tech community leave predictions and messages before the next channel milestone or product era.,YouTube Business Enquiry / creator website,,Needs enrichment — source exposes contact route but not a full address,https://www.youtube.com/results?search_query=Amigoscode,A,Amigoscode × FanVault — your next milestone,Not contacted,Let the tech community leave predictions and messages before the next channel milestone or product era.,
229,Codecourse,Technology,Let the tech community leave predictions and messages before the next channel milestone or product era.,YouTube Business Enquiry / creator website,,Needs enrichment — source exposes contact route but not a full address,https://www.youtube.com/results?search_query=Codecourse,A,Codecourse × FanVault — your next milestone,Not contacted,Let the tech community leave predictions and messages before the next channel milestone or product era.,
230,Kevin Drumm,Technology,Let the tech community leave predictions and messages before the next channel milestone or product era.,YouTube Business Enquiry / creator website,,Needs enrichment — source exposes contact route but not a full address,https://www.youtube.com/results?search_query=Kevin%20Drumm,A,Kevin Drumm × FanVault — your next milestone,Not contacted,Let the tech community leave predictions and messages before the next channel milestone or product era.,
231,MrBrownCS,Technology,Let the tech community leave predictions and messages before the next channel milestone or product era.,YouTube Business Enquiry / creator website,,Needs enrichment — source exposes contact route but not a full address,https://www.youtube.com/results?search_query=MrBrownCS,A,MrBrownCS × FanVault — your next milestone,Not contacted,Let the tech community leave predictions and messages before the next channel milestone or product era.,
232,Telmo Sampaio,Technology,Let the tech community leave predictions and messages before the next channel milestone or product era.,YouTube Business Enquiry / creator website,,Needs enrichment — source exposes contact route but not a full address,https://www.youtube.com/results?search_query=Telmo%20Sampaio,A,Telmo Sampaio × FanVault — your next milestone,Not contacted,Let the tech community leave predictions and messages before the next channel milestone or product era.,
233,Karl Hadwen,Technology,Let the tech community leave predictions and messages before the next channel milestone or product era.,YouTube Business Enquiry / creator website,,Needs enrichment — source exposes contact route but not a full address,https://www.youtube.com/results?search_query=Karl%20Hadwen,A,Karl Hadwen × FanVault — your next milestone,Not contacted,Let the tech community leave predictions and messages before the next channel milestone or product era.,
234,Time to Code,Technology,Let the tech community leave predictions and messages before the next channel milestone or product era.,YouTube Business Enquiry / creator website,,Needs enrichment — source exposes contact route but not a full address,https://www.youtube.com/results?search_query=Time%20to%20Code,A,Time to Code × FanVault — your next milestone,Not contacted,Let the tech community leave predictions and messages before the next channel milestone or product era.,
235,Quix,Technology,Let the tech community leave predictions and messages before the next channel milestone or product era.,YouTube Business Enquiry / creator website,,Needs enrichment — source exposes contact route but not a full address,https://www.youtube.com/results?search_query=Quix,A,Quix × FanVault — your next milestone,Not contacted,Let the tech community leave predictions and messages before the next channel milestone or product era.,
236,Program115,Technology,Let the tech community leave predictions and messages before the next channel milestone or product era.,YouTube Business Enquiry / creator website,,Needs enrichment — source exposes contact route but not a full address,https://www.youtube.com/results?search_query=Program115,A,Program115 × FanVault — your next milestone,Not contacted,Let the tech community leave predictions and messages before the next channel milestone or product era.,
237,Dev Esteban,Technology,Let the tech community leave predictions and messages before the next channel milestone or product era.,YouTube Business Enquiry / creator website,,Needs enrichment — source exposes contact route but not a full address,https://www.youtube.com/results?search_query=Dev%20Esteban,A,Dev Esteban × FanVault — your next milestone,Not contacted,Let the tech community leave predictions and messages before the next channel milestone or product era.,
238,PCWorkshops Coding Courses,Technology,Let the tech community leave predictions and messages before the next channel milestone or product era.,YouTube Business Enquiry / creator website,,Needs enrichment — source exposes contact route but not a full address,https://www.youtube.com/results?search_query=PCWorkshops%20Coding%20Courses,A,PCWorkshops Coding Courses × FanVault — your next milestone,Not contacted,Let the tech community leave predictions and messages before the next channel milestone or product era.,
239,Mathew James Web Developer,Technology,Let the tech community leave predictions and messages before the next channel milestone or product era.,YouTube Business Enquiry / creator website,,Needs enrichment — source exposes contact route but not a full address,https://www.youtube.com/results?search_query=Mathew%20James%20Web%20Developer,A,Mathew James Web Developer × FanVault — your next milestone,Not contacted,Let the tech community leave predictions and messages before the next channel milestone or product era.,
240,Teach The Nation To Code,Technology,Let the tech community leave predictions and messages before the next channel milestone or product era.,YouTube Business Enquiry / creator website,,Needs enrichment — source exposes contact route but not a full address,https://www.youtube.com/results?search_query=Teach%20The%20Nation%20To%20Code,A,Teach The Nation To Code × FanVault — your next milestone,Not contacted,Let the tech community leave predictions and messages before the next channel milestone or product era.,
241,MKBHD,Technology,Let the tech community leave predictions and messages before the next channel milestone or product era.,YouTube Business Enquiry / creator website,,Needs enrichment — source exposes contact route but not a full address,https://www.youtube.com/results?search_query=MKBHD,A,MKBHD × FanVault — your next milestone,Not contacted,Let the tech community leave predictions and messages before the next channel milestone or product era.,
242,UrAvgConsumer,Technology,Let the tech community leave predictions and messages before the next channel milestone or product era.,YouTube Business Enquiry / creator website,,Needs enrichment — source exposes contact route but not a full address,https://www.youtube.com/results?search_query=UrAvgConsumer,A,UrAvgConsumer × FanVault — your next milestone,Not contacted,Let the tech community leave predictions and messages before the next channel milestone or product era.,
243,Unbox Therapy Shorts,Technology,Let the tech community leave predictions and messages before the next channel milestone or product era.,YouTube Business Enquiry / creator website,,Needs enrichment — source exposes contact route but not a full address,https://www.youtube.com/results?search_query=Unbox%20Therapy%20Shorts,A,Unbox Therapy Shorts × FanVault — your next milestone,Not contacted,Let the tech community leave predictions and messages before the next channel milestone or product era.,
244,MrMobile,Technology,Let the tech community leave predictions and messages before the next channel milestone or product era.,YouTube Business Enquiry / creator website,,Needs enrichment — source exposes contact route but not a full address,https://www.youtube.com/results?search_query=MrMobile,A,MrMobile × FanVault — your next milestone,Not contacted,Let the tech community leave predictions and messages before the next channel milestone or product era.,
245,The Unlockr,Technology,Let the tech community leave predictions and messages before the next channel milestone or product era.,YouTube Business Enquiry / creator website,,Needs enrichment — source exposes contact route but not a full address,https://www.youtube.com/results?search_query=The%20Unlockr,A,The Unlockr × FanVault — your next milestone,Not contacted,Let the tech community leave predictions and messages before the next channel milestone or product era.,
246,Linus Tech Tips Clips,Technology,Let the tech community leave predictions and messages before the next channel milestone or product era.,YouTube Business Enquiry / creator website,,Needs enrichment — source exposes contact route but not a full address,https://www.youtube.com/results?search_query=Linus%20Tech%20Tips%20Clips,A,Linus Tech Tips Clips × FanVault — your next milestone,Not contacted,Let the tech community leave predictions and messages before the next channel milestone or product era.,
247,iPhonedo,Technology,Let the tech community leave predictions and messages before the next channel milestone or product era.,YouTube Business Enquiry / creator website,,Needs enrichment — source exposes contact route but not a full address,https://www.youtube.com/results?search_query=iPhonedo,A,iPhonedo × FanVault — your next milestone,Not contacted,Let the tech community leave predictions and messages before the next channel milestone or product era.,
248,This Does Not Compute,Technology,Let the tech community leave predictions and messages before the next channel milestone or product era.,YouTube Business Enquiry / creator website,,Needs enrichment — source exposes contact route but not a full address,https://www.youtube.com/results?search_query=This%20Does%20Not%20Compute,A,This Does Not Compute × FanVault — your next milestone,Not contacted,Let the tech community leave predictions and messages before the next channel milestone or product era.,
249,Dave Lee,Technology,Let the tech community leave predictions and messages before the next channel milestone or product era.,YouTube Business Enquiry / creator website,,Needs enrichment — source exposes contact route but not a full address,https://www.youtube.com/results?search_query=Dave%20Lee,A,Dave Lee × FanVault — your next milestone,Not contacted,Let the tech community leave predictions and messages before the next channel milestone or product era.,
250,Becca Farsace,Technology,Let the tech community leave predictions and messages before the next channel milestone or product era.,YouTube Business Enquiry / creator website,,Needs enrichment — source exposes contact route but not a full address,https://www.youtube.com/results?search_query=Becca%20Farsace,A,Becca Farsace × FanVault — your next milestone,Not contacted,Let the tech community leave predictions and messages before the next channel milestone or product era.,
251,ShortCircuit,Technology,Let the tech community leave predictions and messages before the next channel milestone or product era.,YouTube Business Enquiry / creator website,,Needs enrichment — source exposes contact route but not a full address,https://www.youtube.com/results?search_query=ShortCircuit,A,ShortCircuit × FanVault — your next milestone,Not contacted,Let the tech community leave predictions and messages before the next channel milestone or product era.,
252,Snazzy Labs,Technology,Let the tech community leave predictions and messages before the next channel milestone or product era.,YouTube Business Enquiry / creator website,,Needs enrichment — source exposes contact route but not a full address,https://www.youtube.com/results?search_query=Snazzy%20Labs,A,Snazzy Labs × FanVault — your next milestone,Not contacted,Let the tech community leave predictions and messages before the next channel milestone or product era.,
253,Luke Miani,Technology,Let the tech community leave predictions and messages before the next channel milestone or product era.,YouTube Business Enquiry / creator website,,Needs enrichment — source exposes contact route but not a full address,https://www.youtube.com/results?search_query=Luke%20Miani,A,Luke Miani × FanVault — your next milestone,Not contacted,Let the tech community leave predictions and messages before the next channel milestone or product era.,
254,Marques Brownlee Clips,Technology,Let the tech community leave predictions and messages before the next channel milestone or product era.,YouTube Business Enquiry / creator website,,Needs enrichment — source exposes contact route but not a full address,https://www.youtube.com/results?search_query=Marques%20Brownlee%20Clips,A,Marques Brownlee Clips × FanVault — your next milestone,Not contacted,Let the tech community leave predictions and messages before the next channel milestone or product era.,
255,Rene Ritchie,Technology,Let the tech community leave predictions and messages before the next channel milestone or product era.,YouTube Business Enquiry / creator website,,Needs enrichment — source exposes contact route but not a full address,https://www.youtube.com/results?search_query=Rene%20Ritchie,A,Rene Ritchie × FanVault — your next milestone,Not contacted,Let the tech community leave predictions and messages before the next channel milestone or product era.,
256,Michael Fisher,Technology,Let the tech community leave predictions and messages before the next channel milestone or product era.,YouTube Business Enquiry / creator website,,Needs enrichment — source exposes contact route but not a full address,https://www.youtube.com/results?search_query=Michael%20Fisher,A,Michael Fisher × FanVault — your next milestone,Not contacted,Let the tech community leave predictions and messages before the next channel milestone or product era.,
257,Mrwhosetheboss Shorts,Technology,Let the tech community leave predictions and messages before the next channel milestone or product era.,YouTube Business Enquiry / creator website,,Needs enrichment — source exposes contact route but not a full address,https://www.youtube.com/results?search_query=Mrwhosetheboss%20Shorts,A,Mrwhosetheboss Shorts × FanVault — your next milestone,Not contacted,Let the tech community leave predictions and messages before the next channel milestone or product era.,
258,TechLinked,Technology,Let the tech community leave predictions and messages before the next channel milestone or product era.,YouTube Business Enquiry / creator website,,Needs enrichment — source exposes contact route but not a full address,https://www.youtube.com/results?search_query=TechLinked,A,TechLinked × FanVault — your next milestone,Not contacted,Let the tech community leave predictions and messages before the next channel milestone or product era.,
259,LTT Labs,Technology,Let the tech community leave predictions and messages before the next channel milestone or product era.,YouTube Business Enquiry / creator website,,Needs enrichment — source exposes contact route but not a full address,https://www.youtube.com/results?search_query=LTT%20Labs,A,LTT Labs × FanVault — your next milestone,Not contacted,Let the tech community leave predictions and messages before the next channel milestone or product era.,
260,Amber Scholl,Lifestyle,"Preserve the community's memories, advice and predictions around the creator's next chapter.",YouTube Business Enquiry / creator website,,Needs enrichment — source exposes contact route but not a full address,https://www.youtube.com/results?search_query=Amber%20Scholl,A,Amber Scholl × FanVault — your next milestone,Not contacted,"Preserve the community's memories, advice and predictions around the creator's next chapter.",
261,ItsJudysLife,Lifestyle,"Preserve the community's memories, advice and predictions around the creator's next chapter.",YouTube Business Enquiry / creator website,,Needs enrichment — source exposes contact route but not a full address,https://www.youtube.com/results?search_query=ItsJudysLife,A,ItsJudysLife × FanVault — your next milestone,Not contacted,"Preserve the community's memories, advice and predictions around the creator's next chapter.",
262,Fancy Vlogs By Gab,Lifestyle,"Preserve the community's memories, advice and predictions around the creator's next chapter.",YouTube Business Enquiry / creator website,,Needs enrichment — source exposes contact route but not a full address,https://www.youtube.com/results?search_query=Fancy%20Vlogs%20By%20Gab,A,Fancy Vlogs By Gab × FanVault — your next milestone,Not contacted,"Preserve the community's memories, advice and predictions around the creator's next chapter.",
263,Do It On A Dime,Lifestyle,"Preserve the community's memories, advice and predictions around the creator's next chapter.",YouTube Business Enquiry / creator website,,Needs enrichment — source exposes contact route but not a full address,https://www.youtube.com/results?search_query=Do%20It%20On%20A%20Dime,A,Do It On A Dime × FanVault — your next milestone,Not contacted,"Preserve the community's memories, advice and predictions around the creator's next chapter.",
264,Patricia Bright,Lifestyle,"Preserve the community's memories, advice and predictions around the creator's next chapter.",YouTube Business Enquiry / creator website,,Needs enrichment — source exposes contact route but not a full address,https://www.youtube.com/results?search_query=Patricia%20Bright,A,Patricia Bright × FanVault — your next milestone,Not contacted,"Preserve the community's memories, advice and predictions around the creator's next chapter.",
265,Nicole Guerriero,Lifestyle,"Preserve the community's memories, advice and predictions around the creator's next chapter.",YouTube Business Enquiry / creator website,,Needs enrichment — source exposes contact route but not a full address,https://www.youtube.com/results?search_query=Nicole%20Guerriero,A,Nicole Guerriero × FanVault — your next milestone,Not contacted,"Preserve the community's memories, advice and predictions around the creator's next chapter.",
266,Shea Whitney,Lifestyle,"Preserve the community's memories, advice and predictions around the creator's next chapter.",YouTube Business Enquiry / creator website,,Needs enrichment — source exposes contact route but not a full address,https://www.youtube.com/results?search_query=Shea%20Whitney,A,Shea Whitney × FanVault — your next milestone,Not contacted,"Preserve the community's memories, advice and predictions around the creator's next chapter.",
267,VasseurBeauty,Lifestyle,"Preserve the community's memories, advice and predictions around the creator's next chapter.",YouTube Business Enquiry / creator website,,Needs enrichment — source exposes contact route but not a full address,https://www.youtube.com/results?search_query=VasseurBeauty,A,VasseurBeauty × FanVault — your next milestone,Not contacted,"Preserve the community's memories, advice and predictions around the creator's next chapter.",
268,Tess Christine,Lifestyle,"Preserve the community's memories, advice and predictions around the creator's next chapter.",YouTube Business Enquiry / creator website,,Needs enrichment — source exposes contact route but not a full address,https://www.youtube.com/results?search_query=Tess%20Christine,A,Tess Christine × FanVault — your next milestone,Not contacted,"Preserve the community's memories, advice and predictions around the creator's next chapter.",
269,Lydia Elise Millen,Lifestyle,"Preserve the community's memories, advice and predictions around the creator's next chapter.",YouTube Business Enquiry / creator website,,Needs enrichment — source exposes contact route but not a full address,https://www.youtube.com/results?search_query=Lydia%20Elise%20Millen,A,Lydia Elise Millen × FanVault — your next milestone,Not contacted,"Preserve the community's memories, advice and predictions around the creator's next chapter.",
270,Victoria,Lifestyle,"Preserve the community's memories, advice and predictions around the creator's next chapter.",YouTube Business Enquiry / creator website,,Needs enrichment — source exposes contact route but not a full address,https://www.youtube.com/results?search_query=Victoria,A,Victoria × FanVault — your next milestone,Not contacted,"Preserve the community's memories, advice and predictions around the creator's next chapter.",
271,Freddy My Love,Lifestyle,"Preserve the community's memories, advice and predictions around the creator's next chapter.",YouTube Business Enquiry / creator website,,Needs enrichment — source exposes contact route but not a full address,https://www.youtube.com/results?search_query=Freddy%20My%20Love,A,Freddy My Love × FanVault — your next milestone,Not contacted,"Preserve the community's memories, advice and predictions around the creator's next chapter.",
272,Shameless Maya,Lifestyle,"Preserve the community's memories, advice and predictions around the creator's next chapter.",YouTube Business Enquiry / creator website,,Needs enrichment — source exposes contact route but not a full address,https://www.youtube.com/results?search_query=Shameless%20Maya,A,Shameless Maya × FanVault — your next milestone,Not contacted,"Preserve the community's memories, advice and predictions around the creator's next chapter.",
273,Olivia Jade,Lifestyle,"Preserve the community's memories, advice and predictions around the creator's next chapter.",YouTube Business Enquiry / creator website,,Needs enrichment — source exposes contact route but not a full address,https://www.youtube.com/results?search_query=Olivia%20Jade,A,Olivia Jade × FanVault — your next milestone,Not contacted,"Preserve the community's memories, advice and predictions around the creator's next chapter.",
274,Josie,Lifestyle,"Preserve the community's memories, advice and predictions around the creator's next chapter.",YouTube Business Enquiry / creator website,,Needs enrichment — source exposes contact route but not a full address,https://www.youtube.com/results?search_query=Josie,A,Josie × FanVault — your next milestone,Not contacted,"Preserve the community's memories, advice and predictions around the creator's next chapter.",
275,Kalyn Nicholson,Lifestyle,"Preserve the community's memories, advice and predictions around the creator's next chapter.",YouTube Business Enquiry / creator website,,Needs enrichment — source exposes contact route but not a full address,https://www.youtube.com/results?search_query=Kalyn%20Nicholson,A,Kalyn Nicholson × FanVault — your next milestone,Not contacted,"Preserve the community's memories, advice and predictions around the creator's next chapter.",
276,Danielle Marie Carolan,Lifestyle,"Preserve the community's memories, advice and predictions around the creator's next chapter.",YouTube Business Enquiry / creator website,,Needs enrichment — source exposes contact route but not a full address,https://www.youtube.com/results?search_query=Danielle%20Marie%20Carolan,A,Danielle Marie Carolan × FanVault — your next milestone,Not contacted,"Preserve the community's memories, advice and predictions around the creator's next chapter.",
277,Gretchen Geraghty,Lifestyle,"Preserve the community's memories, advice and predictions around the creator's next chapter.",YouTube Business Enquiry / creator website,,Needs enrichment — source exposes contact route but not a full address,https://www.youtube.com/results?search_query=Gretchen%20Geraghty,A,Gretchen Geraghty × FanVault — your next milestone,Not contacted,"Preserve the community's memories, advice and predictions around the creator's next chapter.",
278,Naomi Boyer,Lifestyle,"Preserve the community's memories, advice and predictions around the creator's next chapter.",YouTube Business Enquiry / creator website,,Needs enrichment — source exposes contact route but not a full address,https://www.youtube.com/results?search_query=Naomi%20Boyer,A,Naomi Boyer × FanVault — your next milestone,Not contacted,"Preserve the community's memories, advice and predictions around the creator's next chapter.",
279,Brooke Miccio,Lifestyle,"Preserve the community's memories, advice and predictions around the creator's next chapter.",YouTube Business Enquiry / creator website,,Needs enrichment — source exposes contact route but not a full address,https://www.youtube.com/results?search_query=Brooke%20Miccio,A,Brooke Miccio × FanVault — your next milestone,Not contacted,"Preserve the community's memories, advice and predictions around the creator's next chapter.",
280,Keaton Milburn,Lifestyle,"Preserve the community's memories, advice and predictions around the creator's next chapter.",YouTube Business Enquiry / creator website,,Needs enrichment — source exposes contact route but not a full address,https://www.youtube.com/results?search_query=Keaton%20Milburn,A,Keaton Milburn × FanVault — your next milestone,Not contacted,"Preserve the community's memories, advice and predictions around the creator's next chapter.",
281,Sophie Shohet,Lifestyle,"Preserve the community's memories, advice and predictions around the creator's next chapter.",YouTube Business Enquiry / creator website,,Needs enrichment — source exposes contact route but not a full address,https://www.youtube.com/results?search_query=Sophie%20Shohet,A,Sophie Shohet × FanVault — your next milestone,Not contacted,"Preserve the community's memories, advice and predictions around the creator's next chapter.",
282,Alex Centomo,Lifestyle,"Preserve the community's memories, advice and predictions around the creator's next chapter.",YouTube Business Enquiry / creator website,,Needs enrichment — source exposes contact route but not a full address,https://www.youtube.com/results?search_query=Alex%20Centomo,A,Alex Centomo × FanVault — your next milestone,Not contacted,"Preserve the community's memories, advice and predictions around the creator's next chapter.",
283,Aaryn Williams,Lifestyle,"Preserve the community's memories, advice and predictions around the creator's next chapter.",YouTube Business Enquiry / creator website,,Needs enrichment — source exposes contact route but not a full address,https://www.youtube.com/results?search_query=Aaryn%20Williams,A,Aaryn Williams × FanVault — your next milestone,Not contacted,"Preserve the community's memories, advice and predictions around the creator's next chapter.",
284,Ashley Brooke,Lifestyle,"Preserve the community's memories, advice and predictions around the creator's next chapter.",YouTube Business Enquiry / creator website,,Needs enrichment — source exposes contact route but not a full address,https://www.youtube.com/results?search_query=Ashley%20Brooke,A,Ashley Brooke × FanVault — your next milestone,Not contacted,"Preserve the community's memories, advice and predictions around the creator's next chapter.",
285,Sydney Frances,Lifestyle,"Preserve the community's memories, advice and predictions around the creator's next chapter.",YouTube Business Enquiry / creator website,,Needs enrichment — source exposes contact route but not a full address,https://www.youtube.com/results?search_query=Sydney%20Frances,A,Sydney Frances × FanVault — your next milestone,Not contacted,"Preserve the community's memories, advice and predictions around the creator's next chapter.",
286,Marnie Goldberg,Lifestyle,"Preserve the community's memories, advice and predictions around the creator's next chapter.",YouTube Business Enquiry / creator website,,Needs enrichment — source exposes contact route but not a full address,https://www.youtube.com/results?search_query=Marnie%20Goldberg,A,Marnie Goldberg × FanVault — your next milestone,Not contacted,"Preserve the community's memories, advice and predictions around the creator's next chapter.",
287,Kenzie Elizabeth,Lifestyle,"Preserve the community's memories, advice and predictions around the creator's next chapter.",YouTube Business Enquiry / creator website,,Needs enrichment — source exposes contact route but not a full address,https://www.youtube.com/results?search_query=Kenzie%20Elizabeth,A,Kenzie Elizabeth × FanVault — your next milestone,Not contacted,"Preserve the community's memories, advice and predictions around the creator's next chapter.",
288,Kristina Braly,Lifestyle,"Preserve the community's memories, advice and predictions around the creator's next chapter.",YouTube Business Enquiry / creator website,,Needs enrichment — source exposes contact route but not a full address,https://www.youtube.com/results?search_query=Kristina%20Braly,A,Kristina Braly × FanVault — your next milestone,Not contacted,"Preserve the community's memories, advice and predictions around the creator's next chapter.",
289,Lizzy Hadfield,Lifestyle,"Preserve the community's memories, advice and predictions around the creator's next chapter.",YouTube Business Enquiry / creator website,,Needs enrichment — source exposes contact route but not a full address,https://www.youtube.com/results?search_query=Lizzy%20Hadfield,A,Lizzy Hadfield × FanVault — your next milestone,Not contacted,"Preserve the community's memories, advice and predictions around the creator's next chapter.",
290,Mallory Ervin,Lifestyle,"Preserve the community's memories, advice and predictions around the creator's next chapter.",YouTube Business Enquiry / creator website,,Needs enrichment — source exposes contact route but not a full address,https://www.youtube.com/results?search_query=Mallory%20Ervin,A,Mallory Ervin × FanVault — your next milestone,Not contacted,"Preserve the community's memories, advice and predictions around the creator's next chapter.",
291,Zoella,Lifestyle,"Preserve the community's memories, advice and predictions around the creator's next chapter.",YouTube Business Enquiry / creator website,,Needs enrichment — source exposes contact route but not a full address,https://www.youtube.com/results?search_query=Zoella,A,Zoella × FanVault — your next milestone,Not contacted,"Preserve the community's memories, advice and predictions around the creator's next chapter.",
292,Refinery29,Lifestyle,"Preserve the community's memories, advice and predictions around the creator's next chapter.",YouTube Business Enquiry / creator website,,Needs enrichment — source exposes contact route but not a full address,https://www.youtube.com/results?search_query=Refinery29,A,Refinery29 × FanVault — your next milestone,Not contacted,"Preserve the community's memories, advice and predictions around the creator's next chapter.",
293,Remedies with Khanum,Lifestyle,"Preserve the community's memories, advice and predictions around the creator's next chapter.",YouTube Business Enquiry / creator website,,Needs enrichment — source exposes contact route but not a full address,https://www.youtube.com/results?search_query=Remedies%20with%20Khanum,A,Remedies with Khanum × FanVault — your next milestone,Not contacted,"Preserve the community's memories, advice and predictions around the creator's next chapter.",
294,Ingrid Nilsen,Lifestyle,"Preserve the community's memories, advice and predictions around the creator's next chapter.",YouTube Business Enquiry / creator website,,Needs enrichment — source exposes contact route but not a full address,https://www.youtube.com/results?search_query=Ingrid%20Nilsen,A,Ingrid Nilsen × FanVault — your next milestone,Not contacted,"Preserve the community's memories, advice and predictions around the creator's next chapter.",
295,Bella Fiori,Lifestyle,"Preserve the community's memories, advice and predictions around the creator's next chapter.",YouTube Business Enquiry / creator website,,Needs enrichment — source exposes contact route but not a full address,https://www.youtube.com/results?search_query=Bella%20Fiori,A,Bella Fiori × FanVault — your next milestone,Not contacted,"Preserve the community's memories, advice and predictions around the creator's next chapter.",
296,Lavendaire,Lifestyle,"Preserve the community's memories, advice and predictions around the creator's next chapter.",YouTube Business Enquiry / creator website,,Needs enrichment — source exposes contact route but not a full address,https://www.youtube.com/results?search_query=Lavendaire,A,Lavendaire × FanVault — your next milestone,Not contacted,"Preserve the community's memories, advice and predictions around the creator's next chapter.",
297,Dulce Candy,Lifestyle,"Preserve the community's memories, advice and predictions around the creator's next chapter.",YouTube Business Enquiry / creator website,,Needs enrichment — source exposes contact route but not a full address,https://www.youtube.com/results?search_query=Dulce%20Candy,A,Dulce Candy × FanVault — your next milestone,Not contacted,"Preserve the community's memories, advice and predictions around the creator's next chapter.",
298,Sarahs Day,Lifestyle,"Preserve the community's memories, advice and predictions around the creator's next chapter.",YouTube Business Enquiry / creator website,,Needs enrichment — source exposes contact route but not a full address,https://www.youtube.com/results?search_query=Sarahs%20Day,A,Sarahs Day × FanVault — your next milestone,Not contacted,"Preserve the community's memories, advice and predictions around the creator's next chapter.",
299,Samantha Maria,Lifestyle,"Preserve the community's memories, advice and predictions around the creator's next chapter.",YouTube Business Enquiry / creator website,,Needs enrichment — source exposes contact route but not a full address,https://www.youtube.com/results?search_query=Samantha%20Maria,A,Samantha Maria × FanVault — your next milestone,Not contacted,"Preserve the community's memories, advice and predictions around the creator's next chapter.",
300,Casey Holmes,Lifestyle,"Preserve the community's memories, advice and predictions around the creator's next chapter.",YouTube Business Enquiry / creator website,,Needs enrichment — source exposes contact route but not a full address,https://www.youtube.com/results?search_query=Casey%20Holmes,A,Casey Holmes × FanVault — your next milestone,Not contacted,"Preserve the community's memories, advice and predictions around the creator's next chapter.",
301,Shani Grimmond,Lifestyle,"Preserve the community's memories, advice and predictions around the creator's next chapter.",YouTube Business Enquiry / creator website,,Needs enrichment — source exposes contact route but not a full address,https://www.youtube.com/results?search_query=Shani%20Grimmond,A,Shani Grimmond × FanVault — your next milestone,Not contacted,"Preserve the community's memories, advice and predictions around the creator's next chapter.",
302,Amelia Liana,Lifestyle,"Preserve the community's memories, advice and predictions around the creator's next chapter.",YouTube Business Enquiry / creator website,,Needs enrichment — source exposes contact route but not a full address,https://www.youtube.com/results?search_query=Amelia%20Liana,A,Amelia Liana × FanVault — your next milestone,Not contacted,"Preserve the community's memories, advice and predictions around the creator's next chapter.",
303,Niomi Smart,Lifestyle,"Preserve the community's memories, advice and predictions around the creator's next chapter.",YouTube Business Enquiry / creator website,,Needs enrichment — source exposes contact route but not a full address,https://www.youtube.com/results?search_query=Niomi%20Smart,A,Niomi Smart × FanVault — your next milestone,Not contacted,"Preserve the community's memories, advice and predictions around the creator's next chapter.",
304,Lauren Elizabeth,Lifestyle,"Preserve the community's memories, advice and predictions around the creator's next chapter.",YouTube Business Enquiry / creator website,,Needs enrichment — source exposes contact route but not a full address,https://www.youtube.com/results?search_query=Lauren%20Elizabeth,A,Lauren Elizabeth × FanVault — your next milestone,Not contacted,"Preserve the community's memories, advice and predictions around the creator's next chapter.",
305,I AM KARENO,Lifestyle,"Preserve the community's memories, advice and predictions around the creator's next chapter.",YouTube Business Enquiry / creator website,,Needs enrichment — source exposes contact route but not a full address,https://www.youtube.com/results?search_query=I%20AM%20KARENO,A,I AM KARENO × FanVault — your next milestone,Not contacted,"Preserve the community's memories, advice and predictions around the creator's next chapter.",
306,Allana Davison,Lifestyle,"Preserve the community's memories, advice and predictions around the creator's next chapter.",YouTube Business Enquiry / creator website,,Needs enrichment — source exposes contact route but not a full address,https://www.youtube.com/results?search_query=Allana%20Davison,A,Allana Davison × FanVault — your next milestone,Not contacted,"Preserve the community's memories, advice and predictions around the creator's next chapter.",
307,Chonnyday,Lifestyle,"Preserve the community's memories, advice and predictions around the creator's next chapter.",YouTube Business Enquiry / creator website,,Needs enrichment — source exposes contact route but not a full address,https://www.youtube.com/results?search_query=Chonnyday,A,Chonnyday × FanVault — your next milestone,Not contacted,"Preserve the community's memories, advice and predictions around the creator's next chapter.",
308,Tamara Kalinic,Lifestyle,"Preserve the community's memories, advice and predictions around the creator's next chapter.",YouTube Business Enquiry / creator website,,Needs enrichment — source exposes contact route but not a full address,https://www.youtube.com/results?search_query=Tamara%20Kalinic,A,Tamara Kalinic × FanVault — your next milestone,Not contacted,"Preserve the community's memories, advice and predictions around the creator's next chapter.",
309,Anna Saccone,Lifestyle,"Preserve the community's memories, advice and predictions around the creator's next chapter.",YouTube Business Enquiry / creator website,,Needs enrichment — source exposes contact route but not a full address,https://www.youtube.com/results?search_query=Anna%20Saccone,A,Anna Saccone × FanVault — your next milestone,Not contacted,"Preserve the community's memories, advice and predictions around the creator's next chapter.",
310,Tanya Burr,Lifestyle,"Preserve the community's memories, advice and predictions around the creator's next chapter.",YouTube Business Enquiry / creator website,,Needs enrichment — source exposes contact route but not a full address,https://www.youtube.com/results?search_query=Tanya%20Burr,A,Tanya Burr × FanVault — your next milestone,Not contacted,"Preserve the community's memories, advice and predictions around the creator's next chapter.",
311,Danielle Mansutti,Lifestyle,"Preserve the community's memories, advice and predictions around the creator's next chapter.",YouTube Business Enquiry / creator website,,Needs enrichment — source exposes contact route but not a full address,https://www.youtube.com/results?search_query=Danielle%20Mansutti,A,Danielle Mansutti × FanVault — your next milestone,Not contacted,"Preserve the community's memories, advice and predictions around the creator's next chapter.",
312,The Anna Edit,Lifestyle,"Preserve the community's memories, advice and predictions around the creator's next chapter.",YouTube Business Enquiry / creator website,,Needs enrichment — source exposes contact route but not a full address,https://www.youtube.com/results?search_query=The%20Anna%20Edit,A,The Anna Edit × FanVault — your next milestone,Not contacted,"Preserve the community's memories, advice and predictions around the creator's next chapter.",
313,Sona Gasparian,Lifestyle,"Preserve the community's memories, advice and predictions around the creator's next chapter.",YouTube Business Enquiry / creator website,,Needs enrichment — source exposes contact route but not a full address,https://www.youtube.com/results?search_query=Sona%20Gasparian,A,Sona Gasparian × FanVault — your next milestone,Not contacted,"Preserve the community's memories, advice and predictions around the creator's next chapter.",
314,Estée Lalonde,Lifestyle,"Preserve the community's memories, advice and predictions around the creator's next chapter.",YouTube Business Enquiry / creator website,,Needs enrichment — source exposes contact route but not a full address,https://www.youtube.com/results?search_query=Est%C3%A9e%20Lalonde,A,Estée Lalonde × FanVault — your next milestone,Not contacted,"Preserve the community's memories, advice and predictions around the creator's next chapter.",
315,Lily Pebbles,Lifestyle,"Preserve the community's memories, advice and predictions around the creator's next chapter.",YouTube Business Enquiry / creator website,,Needs enrichment — source exposes contact route but not a full address,https://www.youtube.com/results?search_query=Lily%20Pebbles,A,Lily Pebbles × FanVault — your next milestone,Not contacted,"Preserve the community's memories, advice and predictions around the creator's next chapter.",
316,Sammy Robinson,Lifestyle,"Preserve the community's memories, advice and predictions around the creator's next chapter.",YouTube Business Enquiry / creator website,,Needs enrichment — source exposes contact route but not a full address,https://www.youtube.com/results?search_query=Sammy%20Robinson,A,Sammy Robinson × FanVault — your next milestone,Not contacted,"Preserve the community's memories, advice and predictions around the creator's next chapter.",
317,Rachelleea,Lifestyle,"Preserve the community's memories, advice and predictions around the creator's next chapter.",YouTube Business Enquiry / creator website,,Needs enrichment — source exposes contact route but not a full address,https://www.youtube.com/results?search_query=Rachelleea,A,Rachelleea × FanVault — your next milestone,Not contacted,"Preserve the community's memories, advice and predictions around the creator's next chapter.",
318,Jamie Paige,Lifestyle,"Preserve the community's memories, advice and predictions around the creator's next chapter.",YouTube Business Enquiry / creator website,,Needs enrichment — source exposes contact route but not a full address,https://www.youtube.com/results?search_query=Jamie%20Paige,A,Jamie Paige × FanVault — your next milestone,Not contacted,"Preserve the community's memories, advice and predictions around the creator's next chapter.",
319,HelloOctoberxo,Lifestyle,"Preserve the community's memories, advice and predictions around the creator's next chapter.",YouTube Business Enquiry / creator website,,Needs enrichment — source exposes contact route but not a full address,https://www.youtube.com/results?search_query=HelloOctoberxo,A,HelloOctoberxo × FanVault — your next milestone,Not contacted,"Preserve the community's memories, advice and predictions around the creator's next chapter.",
320,Helen Anderson,Lifestyle,"Preserve the community's memories, advice and predictions around the creator's next chapter.",YouTube Business Enquiry / creator website,,Needs enrichment — source exposes contact route but not a full address,https://www.youtube.com/results?search_query=Helen%20Anderson,A,Helen Anderson × FanVault — your next milestone,Not contacted,"Preserve the community's memories, advice and predictions around the creator's next chapter.",
321,Sazan Hendrix,Lifestyle,"Preserve the community's memories, advice and predictions around the creator's next chapter.",YouTube Business Enquiry / creator website,,Needs enrichment — source exposes contact route but not a full address,https://www.youtube.com/results?search_query=Sazan%20Hendrix,A,Sazan Hendrix × FanVault — your next milestone,Not contacted,"Preserve the community's memories, advice and predictions around the creator's next chapter.",
322,Carly Cristman,Lifestyle,"Preserve the community's memories, advice and predictions around the creator's next chapter.",YouTube Business Enquiry / creator website,,Needs enrichment — source exposes contact route but not a full address,https://www.youtube.com/results?search_query=Carly%20Cristman,A,Carly Cristman × FanVault — your next milestone,Not contacted,"Preserve the community's memories, advice and predictions around the creator's next chapter.",
323,HelloKaty,Lifestyle,"Preserve the community's memories, advice and predictions around the creator's next chapter.",YouTube Business Enquiry / creator website,,Needs enrichment — source exposes contact route but not a full address,https://www.youtube.com/results?search_query=HelloKaty,A,HelloKaty × FanVault — your next milestone,Not contacted,"Preserve the community's memories, advice and predictions around the creator's next chapter.",
324,Sarah Belle,Lifestyle,"Preserve the community's memories, advice and predictions around the creator's next chapter.",YouTube Business Enquiry / creator website,,Needs enrichment — source exposes contact route but not a full address,https://www.youtube.com/results?search_query=Sarah%20Belle,A,Sarah Belle × FanVault — your next milestone,Not contacted,"Preserve the community's memories, advice and predictions around the creator's next chapter.",
325,Kalel,Lifestyle,"Preserve the community's memories, advice and predictions around the creator's next chapter.",YouTube Business Enquiry / creator website,,Needs enrichment — source exposes contact route but not a full address,https://www.youtube.com/results?search_query=Kalel,A,Kalel × FanVault — your next milestone,Not contacted,"Preserve the community's memories, advice and predictions around the creator's next chapter.",
326,Tasha Farsaci,Lifestyle,"Preserve the community's memories, advice and predictions around the creator's next chapter.",YouTube Business Enquiry / creator website,,Needs enrichment — source exposes contact route but not a full address,https://www.youtube.com/results?search_query=Tasha%20Farsaci,A,Tasha Farsaci × FanVault — your next milestone,Not contacted,"Preserve the community's memories, advice and predictions around the creator's next chapter.",
327,Chase Amie,Lifestyle,"Preserve the community's memories, advice and predictions around the creator's next chapter.",YouTube Business Enquiry / creator website,,Needs enrichment — source exposes contact route but not a full address,https://www.youtube.com/results?search_query=Chase%20Amie,A,Chase Amie × FanVault — your next milestone,Not contacted,"Preserve the community's memories, advice and predictions around the creator's next chapter.",
328,Jenny Mustard,Lifestyle,"Preserve the community's memories, advice and predictions around the creator's next chapter.",YouTube Business Enquiry / creator website,,Needs enrichment — source exposes contact route but not a full address,https://www.youtube.com/results?search_query=Jenny%20Mustard,A,Jenny Mustard × FanVault — your next milestone,Not contacted,"Preserve the community's memories, advice and predictions around the creator's next chapter.",
329,Elanna Pecherle,Lifestyle,"Preserve the community's memories, advice and predictions around the creator's next chapter.",YouTube Business Enquiry / creator website,,Needs enrichment — source exposes contact route but not a full address,https://www.youtube.com/results?search_query=Elanna%20Pecherle,A,Elanna Pecherle × FanVault — your next milestone,Not contacted,"Preserve the community's memories, advice and predictions around the creator's next chapter.",
330,Toni Sevdalis,Lifestyle,"Preserve the community's memories, advice and predictions around the creator's next chapter.",YouTube Business Enquiry / creator website,,Needs enrichment — source exposes contact route but not a full address,https://www.youtube.com/results?search_query=Toni%20Sevdalis,A,Toni Sevdalis × FanVault — your next milestone,Not contacted,"Preserve the community's memories, advice and predictions around the creator's next chapter.",
331,Caitlin Bea,Lifestyle,"Preserve the community's memories, advice and predictions around the creator's next chapter.",YouTube Business Enquiry / creator website,,Needs enrichment — source exposes contact route but not a full address,https://www.youtube.com/results?search_query=Caitlin%20Bea,A,Caitlin Bea × FanVault — your next milestone,Not contacted,"Preserve the community's memories, advice and predictions around the creator's next chapter.",
332,Susan Yara,Lifestyle,"Preserve the community's memories, advice and predictions around the creator's next chapter.",YouTube Business Enquiry / creator website,,Needs enrichment — source exposes contact route but not a full address,https://www.youtube.com/results?search_query=Susan%20Yara,A,Susan Yara × FanVault — your next milestone,Not contacted,"Preserve the community's memories, advice and predictions around the creator's next chapter.",
333,Claire Marshall,Lifestyle,"Preserve the community's memories, advice and predictions around the creator's next chapter.",YouTube Business Enquiry / creator website,,Needs enrichment — source exposes contact route but not a full address,https://www.youtube.com/results?search_query=Claire%20Marshall,A,Claire Marshall × FanVault — your next milestone,Not contacted,"Preserve the community's memories, advice and predictions around the creator's next chapter.",
334,ALEXandMICHAEL,Lifestyle,"Preserve the community's memories, advice and predictions around the creator's next chapter.",YouTube Business Enquiry / creator website,,Needs enrichment — source exposes contact route but not a full address,https://www.youtube.com/results?search_query=ALEXandMICHAEL,A,ALEXandMICHAEL × FanVault — your next milestone,Not contacted,"Preserve the community's memories, advice and predictions around the creator's next chapter.",
335,Louise Pentland,Lifestyle,"Preserve the community's memories, advice and predictions around the creator's next chapter.",YouTube Business Enquiry / creator website,,Needs enrichment — source exposes contact route but not a full address,https://www.youtube.com/results?search_query=Louise%20Pentland,A,Louise Pentland × FanVault — your next milestone,Not contacted,"Preserve the community's memories, advice and predictions around the creator's next chapter.",
336,Emily Canham,Lifestyle,"Preserve the community's memories, advice and predictions around the creator's next chapter.",YouTube Business Enquiry / creator website,,Needs enrichment — source exposes contact route but not a full address,https://www.youtube.com/results?search_query=Emily%20Canham,A,Emily Canham × FanVault — your next milestone,Not contacted,"Preserve the community's memories, advice and predictions around the creator's next chapter.",
337,Ruby Granger,Lifestyle,"Preserve the community's memories, advice and predictions around the creator's next chapter.",YouTube Business Enquiry / creator website,,Needs enrichment — source exposes contact route but not a full address,https://www.youtube.com/results?search_query=Ruby%20Granger,A,Ruby Granger × FanVault — your next milestone,Not contacted,"Preserve the community's memories, advice and predictions around the creator's next chapter.",
338,Gabriella,Lifestyle,"Preserve the community's memories, advice and predictions around the creator's next chapter.",YouTube Business Enquiry / creator website,,Needs enrichment — source exposes contact route but not a full address,https://www.youtube.com/results?search_query=Gabriella,A,Gabriella × FanVault — your next milestone,Not contacted,"Preserve the community's memories, advice and predictions around the creator's next chapter.",
339,sophdoeslife,Lifestyle,"Preserve the community's memories, advice and predictions around the creator's next chapter.",YouTube Business Enquiry / creator website,,Needs enrichment — source exposes contact route but not a full address,https://www.youtube.com/results?search_query=sophdoeslife,A,sophdoeslife × FanVault — your next milestone,Not contacted,"Preserve the community's memories, advice and predictions around the creator's next chapter.",
340,This Esme,Lifestyle,"Preserve the community's memories, advice and predictions around the creator's next chapter.",YouTube Business Enquiry / creator website,,Needs enrichment — source exposes contact route but not a full address,https://www.youtube.com/results?search_query=This%20Esme,A,This Esme × FanVault — your next milestone,Not contacted,"Preserve the community's memories, advice and predictions around the creator's next chapter.",
341,Jammidodger,Lifestyle,"Preserve the community's memories, advice and predictions around the creator's next chapter.",YouTube Business Enquiry / creator website,,Needs enrichment — source exposes contact route but not a full address,https://www.youtube.com/results?search_query=Jammidodger,A,Jammidodger × FanVault — your next milestone,Not contacted,"Preserve the community's memories, advice and predictions around the creator's next chapter.",
342,Carrie Hope Fletcher,Lifestyle,"Preserve the community's memories, advice and predictions around the creator's next chapter.",YouTube Business Enquiry / creator website,,Needs enrichment — source exposes contact route but not a full address,https://www.youtube.com/results?search_query=Carrie%20Hope%20Fletcher,A,Carrie Hope Fletcher × FanVault — your next milestone,Not contacted,"Preserve the community's memories, advice and predictions around the creator's next chapter.",
343,Grace Beverley,Lifestyle,"Preserve the community's memories, advice and predictions around the creator's next chapter.",YouTube Business Enquiry / creator website,,Needs enrichment — source exposes contact route but not a full address,https://www.youtube.com/results?search_query=Grace%20Beverley,A,Grace Beverley × FanVault — your next milestone,Not contacted,"Preserve the community's memories, advice and predictions around the creator's next chapter.",
344,Sarah Ashcroft,Lifestyle,"Preserve the community's memories, advice and predictions around the creator's next chapter.",YouTube Business Enquiry / creator website,,Needs enrichment — source exposes contact route but not a full address,https://www.youtube.com/results?search_query=Sarah%20Ashcroft,A,Sarah Ashcroft × FanVault — your next milestone,Not contacted,"Preserve the community's memories, advice and predictions around the creator's next chapter.",
345,Caroline Hirons,Lifestyle,"Preserve the community's memories, advice and predictions around the creator's next chapter.",YouTube Business Enquiry / creator website,,Needs enrichment — source exposes contact route but not a full address,https://www.youtube.com/results?search_query=Caroline%20Hirons,A,Caroline Hirons × FanVault — your next milestone,Not contacted,"Preserve the community's memories, advice and predictions around the creator's next chapter.",
346,Nadine Baggott,Lifestyle,"Preserve the community's memories, advice and predictions around the creator's next chapter.",YouTube Business Enquiry / creator website,,Needs enrichment — source exposes contact route but not a full address,https://www.youtube.com/results?search_query=Nadine%20Baggott,A,Nadine Baggott × FanVault — your next milestone,Not contacted,"Preserve the community's memories, advice and predictions around the creator's next chapter.",
347,ItsSabrina,Lifestyle,"Preserve the community's memories, advice and predictions around the creator's next chapter.",YouTube Business Enquiry / creator website,,Needs enrichment — source exposes contact route but not a full address,https://www.youtube.com/results?search_query=ItsSabrina,A,ItsSabrina × FanVault — your next milestone,Not contacted,"Preserve the community's memories, advice and predictions around the creator's next chapter.",
348,Mrs Hinch,Lifestyle,"Preserve the community's memories, advice and predictions around the creator's next chapter.",YouTube Business Enquiry / creator website,,Needs enrichment — source exposes contact route but not a full address,https://www.youtube.com/results?search_query=Mrs%20Hinch,A,Mrs Hinch × FanVault — your next milestone,Not contacted,"Preserve the community's memories, advice and predictions around the creator's next chapter.",
349,The Ingham Family,Lifestyle,"Preserve the community's memories, advice and predictions around the creator's next chapter.",YouTube Business Enquiry / creator website,,Needs enrichment — source exposes contact route but not a full address,https://www.youtube.com/results?search_query=The%20Ingham%20Family,A,The Ingham Family × FanVault — your next milestone,Not contacted,"Preserve the community's memories, advice and predictions around the creator's next chapter.",
350,FunForLouis,Lifestyle,"Preserve the community's memories, advice and predictions around the creator's next chapter.",YouTube Business Enquiry / creator website,,Needs enrichment — source exposes contact route but not a full address,https://www.youtube.com/results?search_query=FunForLouis,A,FunForLouis × FanVault — your next milestone,Not contacted,"Preserve the community's memories, advice and predictions around the creator's next chapter.",
351,Samantha Maria Vlogs,Lifestyle,"Preserve the community's memories, advice and predictions around the creator's next chapter.",YouTube Business Enquiry / creator website,,Needs enrichment — source exposes contact route but not a full address,https://www.youtube.com/results?search_query=Samantha%20Maria%20Vlogs,A,Samantha Maria Vlogs × FanVault — your next milestone,Not contacted,"Preserve the community's memories, advice and predictions around the creator's next chapter.",
352,Jim Chapman,Lifestyle,"Preserve the community's memories, advice and predictions around the creator's next chapter.",YouTube Business Enquiry / creator website,,Needs enrichment — source exposes contact route but not a full address,https://www.youtube.com/results?search_query=Jim%20Chapman,A,Jim Chapman × FanVault — your next milestone,Not contacted,"Preserve the community's memories, advice and predictions around the creator's next chapter.",
353,Ben Brown,Lifestyle,"Preserve the community's memories, advice and predictions around the creator's next chapter.",YouTube Business Enquiry / creator website,,Needs enrichment — source exposes contact route but not a full address,https://www.youtube.com/results?search_query=Ben%20Brown,A,Ben Brown × FanVault — your next milestone,Not contacted,"Preserve the community's memories, advice and predictions around the creator's next chapter.",
354,Geoff Marshall,Lifestyle,"Preserve the community's memories, advice and predictions around the creator's next chapter.",YouTube Business Enquiry / creator website,,Needs enrichment — source exposes contact route but not a full address,https://www.youtube.com/results?search_query=Geoff%20Marshall,A,Geoff Marshall × FanVault — your next milestone,Not contacted,"Preserve the community's memories, advice and predictions around the creator's next chapter.",
355,Nigel Danson,Lifestyle,"Preserve the community's memories, advice and predictions around the creator's next chapter.",YouTube Business Enquiry / creator website,,Needs enrichment — source exposes contact route but not a full address,https://www.youtube.com/results?search_query=Nigel%20Danson,A,Nigel Danson × FanVault — your next milestone,Not contacted,"Preserve the community's memories, advice and predictions around the creator's next chapter.",
356,A Model Recommends,Lifestyle,"Preserve the community's memories, advice and predictions around the creator's next chapter.",YouTube Business Enquiry / creator website,,Needs enrichment — source exposes contact route but not a full address,https://www.youtube.com/results?search_query=A%20Model%20Recommends,A,A Model Recommends × FanVault — your next milestone,Not contacted,"Preserve the community's memories, advice and predictions around the creator's next chapter.",
357,MsRosieBea,Lifestyle,"Preserve the community's memories, advice and predictions around the creator's next chapter.",YouTube Business Enquiry / creator website,,Needs enrichment — source exposes contact route but not a full address,https://www.youtube.com/results?search_query=MsRosieBea,A,MsRosieBea × FanVault — your next milestone,Not contacted,"Preserve the community's memories, advice and predictions around the creator's next chapter.",
358,Freddy Cousin-Brown,Lifestyle,"Preserve the community's memories, advice and predictions around the creator's next chapter.",YouTube Business Enquiry / creator website,,Needs enrichment — source exposes contact route but not a full address,https://www.youtube.com/results?search_query=Freddy%20Cousin-Brown,A,Freddy Cousin-Brown × FanVault — your next milestone,Not contacted,"Preserve the community's memories, advice and predictions around the creator's next chapter.",
359,Emma Hill,Lifestyle,"Preserve the community's memories, advice and predictions around the creator's next chapter.",YouTube Business Enquiry / creator website,,Needs enrichment — source exposes contact route but not a full address,https://www.youtube.com/results?search_query=Emma%20Hill,A,Emma Hill × FanVault — your next milestone,Not contacted,"Preserve the community's memories, advice and predictions around the creator's next chapter.",
360,sunbeamsjess,Lifestyle,"Preserve the community's memories, advice and predictions around the creator's next chapter.",YouTube Business Enquiry / creator website,,Needs enrichment — source exposes contact route but not a full address,https://www.youtube.com/results?search_query=sunbeamsjess,A,sunbeamsjess × FanVault — your next milestone,Not contacted,"Preserve the community's memories, advice and predictions around the creator's next chapter.",
361,Vantoee,Lifestyle,"Preserve the community's memories, advice and predictions around the creator's next chapter.",YouTube Business Enquiry / creator website,,Needs enrichment — source exposes contact route but not a full address,https://www.youtube.com/results?search_query=Vantoee,A,Vantoee × FanVault — your next milestone,Not contacted,"Preserve the community's memories, advice and predictions around the creator's next chapter.",
362,Gallucks,Lifestyle,"Preserve the community's memories, advice and predictions around the creator's next chapter.",YouTube Business Enquiry / creator website,,Needs enrichment — source exposes contact route but not a full address,https://www.youtube.com/results?search_query=Gallucks,A,Gallucks × FanVault — your next milestone,Not contacted,"Preserve the community's memories, advice and predictions around the creator's next chapter.",
363,Amy Valentine,Lifestyle,"Preserve the community's memories, advice and predictions around the creator's next chapter.",YouTube Business Enquiry / creator website,,Needs enrichment — source exposes contact route but not a full address,https://www.youtube.com/results?search_query=Amy%20Valentine,A,Amy Valentine × FanVault — your next milestone,Not contacted,"Preserve the community's memories, advice and predictions around the creator's next chapter.",
364,Jasmine Clough,Lifestyle,"Preserve the community's memories, advice and predictions around the creator's next chapter.",YouTube Business Enquiry / creator website,,Needs enrichment — source exposes contact route but not a full address,https://www.youtube.com/results?search_query=Jasmine%20Clough,A,Jasmine Clough × FanVault — your next milestone,Not contacted,"Preserve the community's memories, advice and predictions around the creator's next chapter.",
365,What Olivia Did,Lifestyle,"Preserve the community's memories, advice and predictions around the creator's next chapter.",YouTube Business Enquiry / creator website,,Needs enrichment — source exposes contact route but not a full address,https://www.youtube.com/results?search_query=What%20Olivia%20Did,A,What Olivia Did × FanVault — your next milestone,Not contacted,"Preserve the community's memories, advice and predictions around the creator's next chapter.",
366,Zoe London,Lifestyle,"Preserve the community's memories, advice and predictions around the creator's next chapter.",YouTube Business Enquiry / creator website,,Needs enrichment — source exposes contact route but not a full address,https://www.youtube.com/results?search_query=Zoe%20London,A,Zoe London × FanVault — your next milestone,Not contacted,"Preserve the community's memories, advice and predictions around the creator's next chapter.",
367,TaniaTells,Lifestyle,"Preserve the community's memories, advice and predictions around the creator's next chapter.",YouTube Business Enquiry / creator website,,Needs enrichment — source exposes contact route but not a full address,https://www.youtube.com/results?search_query=TaniaTells,A,TaniaTells × FanVault — your next milestone,Not contacted,"Preserve the community's memories, advice and predictions around the creator's next chapter.",
368,Heartshapedbones,Lifestyle,"Preserve the community's memories, advice and predictions around the creator's next chapter.",YouTube Business Enquiry / creator website,,Needs enrichment — source exposes contact route but not a full address,https://www.youtube.com/results?search_query=Heartshapedbones,A,Heartshapedbones × FanVault — your next milestone,Not contacted,"Preserve the community's memories, advice and predictions around the creator's next chapter.",
369,Sophie In The City,Lifestyle,"Preserve the community's memories, advice and predictions around the creator's next chapter.",YouTube Business Enquiry / creator website,,Needs enrichment — source exposes contact route but not a full address,https://www.youtube.com/results?search_query=Sophie%20In%20The%20City,A,Sophie In The City × FanVault — your next milestone,Not contacted,"Preserve the community's memories, advice and predictions around the creator's next chapter.",
370,The Girl In The Tartan Scarf,Lifestyle,"Preserve the community's memories, advice and predictions around the creator's next chapter.",YouTube Business Enquiry / creator website,,Needs enrichment — source exposes contact route but not a full address,https://www.youtube.com/results?search_query=The%20Girl%20In%20The%20Tartan%20Scarf,A,The Girl In The Tartan Scarf × FanVault — your next milestone,Not contacted,"Preserve the community's memories, advice and predictions around the creator's next chapter.",
371,BestDressed,Lifestyle,"Preserve the community's memories, advice and predictions around the creator's next chapter.",YouTube Business Enquiry / creator website,,Needs enrichment — source exposes contact route but not a full address,https://www.youtube.com/results?search_query=BestDressed,A,BestDressed × FanVault — your next milestone,Not contacted,"Preserve the community's memories, advice and predictions around the creator's next chapter.",
372,Emma Chamberlain,Lifestyle,"Preserve the community's memories, advice and predictions around the creator's next chapter.",YouTube Business Enquiry / creator website,,Needs enrichment — source exposes contact route but not a full address,https://www.youtube.com/results?search_query=Emma%20Chamberlain,A,Emma Chamberlain × FanVault — your next milestone,Not contacted,"Preserve the community's memories, advice and predictions around the creator's next chapter.",
373,Mia Maples,Lifestyle,"Preserve the community's memories, advice and predictions around the creator's next chapter.",YouTube Business Enquiry / creator website,,Needs enrichment — source exposes contact route but not a full address,https://www.youtube.com/results?search_query=Mia%20Maples,A,Mia Maples × FanVault — your next milestone,Not contacted,"Preserve the community's memories, advice and predictions around the creator's next chapter.",
374,Claudia Sulewski,Lifestyle,"Preserve the community's memories, advice and predictions around the creator's next chapter.",YouTube Business Enquiry / creator website,,Needs enrichment — source exposes contact route but not a full address,https://www.youtube.com/results?search_query=Claudia%20Sulewski,A,Claudia Sulewski × FanVault — your next milestone,Not contacted,"Preserve the community's memories, advice and predictions around the creator's next chapter.",
375,Aspyn Ovard,Lifestyle,"Preserve the community's memories, advice and predictions around the creator's next chapter.",YouTube Business Enquiry / creator website,,Needs enrichment — source exposes contact route but not a full address,https://www.youtube.com/results?search_query=Aspyn%20Ovard,A,Aspyn Ovard × FanVault — your next milestone,Not contacted,"Preserve the community's memories, advice and predictions around the creator's next chapter.",
376,Remi Cruz,Lifestyle,"Preserve the community's memories, advice and predictions around the creator's next chapter.",YouTube Business Enquiry / creator website,,Needs enrichment — source exposes contact route but not a full address,https://www.youtube.com/results?search_query=Remi%20Cruz,A,Remi Cruz × FanVault — your next milestone,Not contacted,"Preserve the community's memories, advice and predictions around the creator's next chapter.",
377,Niki Demar,Lifestyle,"Preserve the community's memories, advice and predictions around the creator's next chapter.",YouTube Business Enquiry / creator website,,Needs enrichment — source exposes contact route but not a full address,https://www.youtube.com/results?search_query=Niki%20Demar,A,Niki Demar × FanVault — your next milestone,Not contacted,"Preserve the community's memories, advice and predictions around the creator's next chapter.",
378,Gabbie Hanna,Lifestyle,"Preserve the community's memories, advice and predictions around the creator's next chapter.",YouTube Business Enquiry / creator website,,Needs enrichment — source exposes contact route but not a full address,https://www.youtube.com/results?search_query=Gabbie%20Hanna,A,Gabbie Hanna × FanVault — your next milestone,Not contacted,"Preserve the community's memories, advice and predictions around the creator's next chapter.",
379,Morgan Adams,Lifestyle,"Preserve the community's memories, advice and predictions around the creator's next chapter.",YouTube Business Enquiry / creator website,,Needs enrichment — source exposes contact route but not a full address,https://www.youtube.com/results?search_query=Morgan%20Adams,A,Morgan Adams × FanVault — your next milestone,Not contacted,"Preserve the community's memories, advice and predictions around the creator's next chapter.",
380,David Dobrik,Lifestyle,"Preserve the community's memories, advice and predictions around the creator's next chapter.",YouTube Business Enquiry / creator website,,Needs enrichment — source exposes contact route but not a full address,https://www.youtube.com/results?search_query=David%20Dobrik,A,David Dobrik × FanVault — your next milestone,Not contacted,"Preserve the community's memories, advice and predictions around the creator's next chapter.",
381,Tana Mongeau,Lifestyle,"Preserve the community's memories, advice and predictions around the creator's next chapter.",YouTube Business Enquiry / creator website,,Needs enrichment — source exposes contact route but not a full address,https://www.youtube.com/results?search_query=Tana%20Mongeau,A,Tana Mongeau × FanVault — your next milestone,Not contacted,"Preserve the community's memories, advice and predictions around the creator's next chapter.",
382,Kara and Nate,Lifestyle,"Preserve the community's memories, advice and predictions around the creator's next chapter.",YouTube Business Enquiry / creator website,,Needs enrichment — source exposes contact route but not a full address,https://www.youtube.com/results?search_query=Kara%20and%20Nate,A,Kara and Nate × FanVault — your next milestone,Not contacted,"Preserve the community's memories, advice and predictions around the creator's next chapter.",
383,KallMeKris,Lifestyle,"Preserve the community's memories, advice and predictions around the creator's next chapter.",YouTube Business Enquiry / creator website,,Needs enrichment — source exposes contact route but not a full address,https://www.youtube.com/results?search_query=KallMeKris,A,KallMeKris × FanVault — your next milestone,Not contacted,"Preserve the community's memories, advice and predictions around the creator's next chapter.",
384,Lilly Singh,Lifestyle,"Preserve the community's memories, advice and predictions around the creator's next chapter.",YouTube Business Enquiry / creator website,,Needs enrichment — source exposes contact route but not a full address,https://www.youtube.com/results?search_query=Lilly%20Singh,A,Lilly Singh × FanVault — your next milestone,Not contacted,"Preserve the community's memories, advice and predictions around the creator's next chapter.",
385,Liza Koshy,Lifestyle,"Preserve the community's memories, advice and predictions around the creator's next chapter.",YouTube Business Enquiry / creator website,,Needs enrichment — source exposes contact route but not a full address,https://www.youtube.com/results?search_query=Liza%20Koshy,A,Liza Koshy × FanVault — your next milestone,Not contacted,"Preserve the community's memories, advice and predictions around the creator's next chapter.",
386,Joey Graceffa,Lifestyle,"Preserve the community's memories, advice and predictions around the creator's next chapter.",YouTube Business Enquiry / creator website,,Needs enrichment — source exposes contact route but not a full address,https://www.youtube.com/results?search_query=Joey%20Graceffa,A,Joey Graceffa × FanVault — your next milestone,Not contacted,"Preserve the community's memories, advice and predictions around the creator's next chapter.",
387,Safiya Nygaard,Lifestyle,"Preserve the community's memories, advice and predictions around the creator's next chapter.",YouTube Business Enquiry / creator website,,Needs enrichment — source exposes contact route but not a full address,https://www.youtube.com/results?search_query=Safiya%20Nygaard,A,Safiya Nygaard × FanVault — your next milestone,Not contacted,"Preserve the community's memories, advice and predictions around the creator's next chapter.",
388,Drew Afualo,Lifestyle,"Preserve the community's memories, advice and predictions around the creator's next chapter.",YouTube Business Enquiry / creator website,,Needs enrichment — source exposes contact route but not a full address,https://www.youtube.com/results?search_query=Drew%20Afualo,A,Drew Afualo × FanVault — your next milestone,Not contacted,"Preserve the community's memories, advice and predictions around the creator's next chapter.",
389,Mina Le,Lifestyle,"Preserve the community's memories, advice and predictions around the creator's next chapter.",YouTube Business Enquiry / creator website,,Needs enrichment — source exposes contact route but not a full address,https://www.youtube.com/results?search_query=Mina%20Le,A,Mina Le × FanVault — your next milestone,Not contacted,"Preserve the community's memories, advice and predictions around the creator's next chapter.",
390,Rachel Maksy,Lifestyle,"Preserve the community's memories, advice and predictions around the creator's next chapter.",YouTube Business Enquiry / creator website,,Needs enrichment — source exposes contact route but not a full address,https://www.youtube.com/results?search_query=Rachel%20Maksy,A,Rachel Maksy × FanVault — your next milestone,Not contacted,"Preserve the community's memories, advice and predictions around the creator's next chapter.",
391,Annika's Leaf,Lifestyle,"Preserve the community's memories, advice and predictions around the creator's next chapter.",YouTube Business Enquiry / creator website,,Needs enrichment — source exposes contact route but not a full address,https://www.youtube.com/results?search_query=Annika%27s%20Leaf,A,Annika's Leaf × FanVault — your next milestone,Not contacted,"Preserve the community's memories, advice and predictions around the creator's next chapter.",
392,Sorelle Amore,Lifestyle,"Preserve the community's memories, advice and predictions around the creator's next chapter.",YouTube Business Enquiry / creator website,,Needs enrichment — source exposes contact route but not a full address,https://www.youtube.com/results?search_query=Sorelle%20Amore,A,Sorelle Amore × FanVault — your next milestone,Not contacted,"Preserve the community's memories, advice and predictions around the creator's next chapter.",
393,Hitomi Mochizuki,Lifestyle,"Preserve the community's memories, advice and predictions around the creator's next chapter.",YouTube Business Enquiry / creator website,,Needs enrichment — source exposes contact route but not a full address,https://www.youtube.com/results?search_query=Hitomi%20Mochizuki,A,Hitomi Mochizuki × FanVault — your next milestone,Not contacted,"Preserve the community's memories, advice and predictions around the creator's next chapter.",
394,Kelsey Kreppel,Lifestyle,"Preserve the community's memories, advice and predictions around the creator's next chapter.",YouTube Business Enquiry / creator website,,Needs enrichment — source exposes contact route but not a full address,https://www.youtube.com/results?search_query=Kelsey%20Kreppel,A,Kelsey Kreppel × FanVault — your next milestone,Not contacted,"Preserve the community's memories, advice and predictions around the creator's next chapter.",
395,Cody Ko,Lifestyle,"Preserve the community's memories, advice and predictions around the creator's next chapter.",YouTube Business Enquiry / creator website,,Needs enrichment — source exposes contact route but not a full address,https://www.youtube.com/results?search_query=Cody%20Ko,A,Cody Ko × FanVault — your next milestone,Not contacted,"Preserve the community's memories, advice and predictions around the creator's next chapter.",
396,Noel Miller,Lifestyle,"Preserve the community's memories, advice and predictions around the creator's next chapter.",YouTube Business Enquiry / creator website,,Needs enrichment — source exposes contact route but not a full address,https://www.youtube.com/results?search_query=Noel%20Miller,A,Noel Miller × FanVault — your next milestone,Not contacted,"Preserve the community's memories, advice and predictions around the creator's next chapter.",
397,Dylan Lemay,Lifestyle,"Preserve the community's memories, advice and predictions around the creator's next chapter.",YouTube Business Enquiry / creator website,,Needs enrichment — source exposes contact route but not a full address,https://www.youtube.com/results?search_query=Dylan%20Lemay,A,Dylan Lemay × FanVault — your next milestone,Not contacted,"Preserve the community's memories, advice and predictions around the creator's next chapter.",
398,Kurtis Conner,Lifestyle,"Preserve the community's memories, advice and predictions around the creator's next chapter.",YouTube Business Enquiry / creator website,,Needs enrichment — source exposes contact route but not a full address,https://www.youtube.com/results?search_query=Kurtis%20Conner,A,Kurtis Conner × FanVault — your next milestone,Not contacted,"Preserve the community's memories, advice and predictions around the creator's next chapter.",
399,Jarvis Johnson,Lifestyle,"Preserve the community's memories, advice and predictions around the creator's next chapter.",YouTube Business Enquiry / creator website,,Needs enrichment — source exposes contact route but not a full address,https://www.youtube.com/results?search_query=Jarvis%20Johnson,A,Jarvis Johnson × FanVault — your next milestone,Not contacted,"Preserve the community's memories, advice and predictions around the creator's next chapter.",
400,Chad Chad,Lifestyle,"Preserve the community's memories, advice and predictions around the creator's next chapter.",YouTube Business Enquiry / creator website,,Needs enrichment — source exposes contact route but not a full address,https://www.youtube.com/results?search_query=Chad%20Chad,A,Chad Chad × FanVault — your next milestone,Not contacted,"Preserve the community's memories, advice and predictions around the creator's next chapter.",
401,Danny Gonzalez,Lifestyle,"Preserve the community's memories, advice and predictions around the creator's next chapter.",YouTube Business Enquiry / creator website,,Needs enrichment — source exposes contact route but not a full address,https://www.youtube.com/results?search_query=Danny%20Gonzalez,A,Danny Gonzalez × FanVault — your next milestone,Not contacted,"Preserve the community's memories, advice and predictions around the creator's next chapter.",
402,Drew Gooden,Lifestyle,"Preserve the community's memories, advice and predictions around the creator's next chapter.",YouTube Business Enquiry / creator website,,Needs enrichment — source exposes contact route but not a full address,https://www.youtube.com/results?search_query=Drew%20Gooden,A,Drew Gooden × FanVault — your next milestone,Not contacted,"Preserve the community's memories, advice and predictions around the creator's next chapter.",
403,Micarah Tewers,Lifestyle,"Preserve the community's memories, advice and predictions around the creator's next chapter.",YouTube Business Enquiry / creator website,,Needs enrichment — source exposes contact route but not a full address,https://www.youtube.com/results?search_query=Micarah%20Tewers,A,Micarah Tewers × FanVault — your next milestone,Not contacted,"Preserve the community's memories, advice and predictions around the creator's next chapter.",
404,Naomi Jon,Lifestyle,"Preserve the community's memories, advice and predictions around the creator's next chapter.",YouTube Business Enquiry / creator website,,Needs enrichment — source exposes contact route but not a full address,https://www.youtube.com/results?search_query=Naomi%20Jon,A,Naomi Jon × FanVault — your next milestone,Not contacted,"Preserve the community's memories, advice and predictions around the creator's next chapter.",
405,Saffron Barker,Lifestyle,"Preserve the community's memories, advice and predictions around the creator's next chapter.",YouTube Business Enquiry / creator website,,Needs enrichment — source exposes contact route but not a full address,https://www.youtube.com/results?search_query=Saffron%20Barker,A,Saffron Barker × FanVault — your next milestone,Not contacted,"Preserve the community's memories, advice and predictions around the creator's next chapter.",
406,Molly-Mae Hague,Lifestyle,"Preserve the community's memories, advice and predictions around the creator's next chapter.",YouTube Business Enquiry / creator website,,Needs enrichment — source exposes contact route but not a full address,https://www.youtube.com/results?search_query=Molly-Mae%20Hague,A,Molly-Mae Hague × FanVault — your next milestone,Not contacted,"Preserve the community's memories, advice and predictions around the creator's next chapter.",
407,Megan Ellaby,Lifestyle,"Preserve the community's memories, advice and predictions around the creator's next chapter.",YouTube Business Enquiry / creator website,,Needs enrichment — source exposes contact route but not a full address,https://www.youtube.com/results?search_query=Megan%20Ellaby,A,Megan Ellaby × FanVault — your next milestone,Not contacted,"Preserve the community's memories, advice and predictions around the creator's next chapter.",
408,Leonie Hanne,Lifestyle,"Preserve the community's memories, advice and predictions around the creator's next chapter.",YouTube Business Enquiry / creator website,,Needs enrichment — source exposes contact route but not a full address,https://www.youtube.com/results?search_query=Leonie%20Hanne,A,Leonie Hanne × FanVault — your next milestone,Not contacted,"Preserve the community's memories, advice and predictions around the creator's next chapter.",
409,Niomi Smart Vlogs,Lifestyle,"Preserve the community's memories, advice and predictions around the creator's next chapter.",YouTube Business Enquiry / creator website,,Needs enrichment — source exposes contact route but not a full address,https://www.youtube.com/results?search_query=Niomi%20Smart%20Vlogs,A,Niomi Smart Vlogs × FanVault — your next milestone,Not contacted,"Preserve the community's memories, advice and predictions around the creator's next chapter.",
410,The Michalaks,Lifestyle,"Preserve the community's memories, advice and predictions around the creator's next chapter.",YouTube Business Enquiry / creator website,,Needs enrichment — source exposes contact route but not a full address,https://www.youtube.com/results?search_query=The%20Michalaks,A,The Michalaks × FanVault — your next milestone,Not contacted,"Preserve the community's memories, advice and predictions around the creator's next chapter.",
411,The Style Insider,Lifestyle,"Preserve the community's memories, advice and predictions around the creator's next chapter.",YouTube Business Enquiry / creator website,,Needs enrichment — source exposes contact route but not a full address,https://www.youtube.com/results?search_query=The%20Style%20Insider,A,The Style Insider × FanVault — your next milestone,Not contacted,"Preserve the community's memories, advice and predictions around the creator's next chapter.",
412,The Body Coach TV,Lifestyle,"Preserve the community's memories, advice and predictions around the creator's next chapter.",YouTube Business Enquiry / creator website,,Needs enrichment — source exposes contact route but not a full address,https://www.youtube.com/results?search_query=The%20Body%20Coach%20TV,A,The Body Coach TV × FanVault — your next milestone,Not contacted,"Preserve the community's memories, advice and predictions around the creator's next chapter.",
413,Roxxsaurus,Lifestyle,"Preserve the community's memories, advice and predictions around the creator's next chapter.",YouTube Business Enquiry / creator website,,Needs enrichment — source exposes contact route but not a full address,https://www.youtube.com/results?search_query=Roxxsaurus,A,Roxxsaurus × FanVault — your next milestone,Not contacted,"Preserve the community's memories, advice and predictions around the creator's next chapter.",
414,Chunkz,Lifestyle,"Preserve the community's memories, advice and predictions around the creator's next chapter.",YouTube Business Enquiry / creator website,,Needs enrichment — source exposes contact route but not a full address,https://www.youtube.com/results?search_query=Chunkz,A,Chunkz × FanVault — your next milestone,Not contacted,"Preserve the community's memories, advice and predictions around the creator's next chapter.",
415,Sidemen,Lifestyle,"Preserve the community's memories, advice and predictions around the creator's next chapter.",YouTube Business Enquiry / creator website,,Needs enrichment — source exposes contact route but not a full address,https://www.youtube.com/results?search_query=Sidemen,A,Sidemen × FanVault — your next milestone,Not contacted,"Preserve the community's memories, advice and predictions around the creator's next chapter.",
416,Beta Squad,Lifestyle,"Preserve the community's memories, advice and predictions around the creator's next chapter.",YouTube Business Enquiry / creator website,,Needs enrichment — source exposes contact route but not a full address,https://www.youtube.com/results?search_query=Beta%20Squad,A,Beta Squad × FanVault — your next milestone,Not contacted,"Preserve the community's memories, advice and predictions around the creator's next chapter.",
417,KSI,Lifestyle,"Preserve the community's memories, advice and predictions around the creator's next chapter.",YouTube Business Enquiry / creator website,,Needs enrichment — source exposes contact route but not a full address,https://www.youtube.com/results?search_query=KSI,A,KSI × FanVault — your next milestone,Not contacted,"Preserve the community's memories, advice and predictions around the creator's next chapter.",
418,Miniminter,Lifestyle,"Preserve the community's memories, advice and predictions around the creator's next chapter.",YouTube Business Enquiry / creator website,,Needs enrichment — source exposes contact route but not a full address,https://www.youtube.com/results?search_query=Miniminter,A,Miniminter × FanVault — your next milestone,Not contacted,"Preserve the community's memories, advice and predictions around the creator's next chapter.",
419,Zerkaa,Lifestyle,"Preserve the community's memories, advice and predictions around the creator's next chapter.",YouTube Business Enquiry / creator website,,Needs enrichment — source exposes contact route but not a full address,https://www.youtube.com/results?search_query=Zerkaa,A,Zerkaa × FanVault — your next milestone,Not contacted,"Preserve the community's memories, advice and predictions around the creator's next chapter.",
420,Vikkstar123,Lifestyle,"Preserve the community's memories, advice and predictions around the creator's next chapter.",YouTube Business Enquiry / creator website,,Needs enrichment — source exposes contact route but not a full address,https://www.youtube.com/results?search_query=Vikkstar123,A,Vikkstar123 × FanVault — your next milestone,Not contacted,"Preserve the community's memories, advice and predictions around the creator's next chapter.",
421,Behzinga,Lifestyle,"Preserve the community's memories, advice and predictions around the creator's next chapter.",YouTube Business Enquiry / creator website,,Needs enrichment — source exposes contact route but not a full address,https://www.youtube.com/results?search_query=Behzinga,A,Behzinga × FanVault — your next milestone,Not contacted,"Preserve the community's memories, advice and predictions around the creator's next chapter.",
422,W2S,Lifestyle,"Preserve the community's memories, advice and predictions around the creator's next chapter.",YouTube Business Enquiry / creator website,,Needs enrichment — source exposes contact route but not a full address,https://www.youtube.com/results?search_query=W2S,A,W2S × FanVault — your next milestone,Not contacted,"Preserve the community's memories, advice and predictions around the creator's next chapter.",
423,Tobi,Lifestyle,"Preserve the community's memories, advice and predictions around the creator's next chapter.",YouTube Business Enquiry / creator website,,Needs enrichment — source exposes contact route but not a full address,https://www.youtube.com/results?search_query=Tobi,A,Tobi × FanVault — your next milestone,Not contacted,"Preserve the community's memories, advice and predictions around the creator's next chapter.",
424,Manny Brown,Lifestyle,"Preserve the community's memories, advice and predictions around the creator's next chapter.",YouTube Business Enquiry / creator website,,Needs enrichment — source exposes contact route but not a full address,https://www.youtube.com/results?search_query=Manny%20Brown,A,Manny Brown × FanVault — your next milestone,Not contacted,"Preserve the community's memories, advice and predictions around the creator's next chapter.",
425,Nella Rose,Lifestyle,"Preserve the community's memories, advice and predictions around the creator's next chapter.",YouTube Business Enquiry / creator website,,Needs enrichment — source exposes contact route but not a full address,https://www.youtube.com/results?search_query=Nella%20Rose,A,Nella Rose × FanVault — your next milestone,Not contacted,"Preserve the community's memories, advice and predictions around the creator's next chapter.",
426,Nella Rose TV,Lifestyle,"Preserve the community's memories, advice and predictions around the creator's next chapter.",YouTube Business Enquiry / creator website,,Needs enrichment — source exposes contact route but not a full address,https://www.youtube.com/results?search_query=Nella%20Rose%20TV,A,Nella Rose TV × FanVault — your next milestone,Not contacted,"Preserve the community's memories, advice and predictions around the creator's next chapter.",
427,Sharky,Lifestyle,"Preserve the community's memories, advice and predictions around the creator's next chapter.",YouTube Business Enquiry / creator website,,Needs enrichment — source exposes contact route but not a full address,https://www.youtube.com/results?search_query=Sharky,A,Sharky × FanVault — your next milestone,Not contacted,"Preserve the community's memories, advice and predictions around the creator's next chapter.",
428,AJ Shabeel,Lifestyle,"Preserve the community's memories, advice and predictions around the creator's next chapter.",YouTube Business Enquiry / creator website,,Needs enrichment — source exposes contact route but not a full address,https://www.youtube.com/results?search_query=AJ%20Shabeel,A,AJ Shabeel × FanVault — your next milestone,Not contacted,"Preserve the community's memories, advice and predictions around the creator's next chapter.",
429,Filly,Lifestyle,"Preserve the community's memories, advice and predictions around the creator's next chapter.",YouTube Business Enquiry / creator website,,Needs enrichment — source exposes contact route but not a full address,https://www.youtube.com/results?search_query=Filly,A,Filly × FanVault — your next milestone,Not contacted,"Preserve the community's memories, advice and predictions around the creator's next chapter.",
430,Darkest Man,Lifestyle,"Preserve the community's memories, advice and predictions around the creator's next chapter.",YouTube Business Enquiry / creator website,,Needs enrichment — source exposes contact route but not a full address,https://www.youtube.com/results?search_query=Darkest%20Man,A,Darkest Man × FanVault — your next milestone,Not contacted,"Preserve the community's memories, advice and predictions around the creator's next chapter.",
431,Yung Filly,Lifestyle,"Preserve the community's memories, advice and predictions around the creator's next chapter.",YouTube Business Enquiry / creator website,,Needs enrichment — source exposes contact route but not a full address,https://www.youtube.com/results?search_query=Yung%20Filly,A,Yung Filly × FanVault — your next milestone,Not contacted,"Preserve the community's memories, advice and predictions around the creator's next chapter.",
432,Harry Pinero,Lifestyle,"Preserve the community's memories, advice and predictions around the creator's next chapter.",YouTube Business Enquiry / creator website,,Needs enrichment — source exposes contact route but not a full address,https://www.youtube.com/results?search_query=Harry%20Pinero,A,Harry Pinero × FanVault — your next milestone,Not contacted,"Preserve the community's memories, advice and predictions around the creator's next chapter.",
433,Mark Wiens,Travel,"Capture the community's predictions and memories before the next journey, destination or channel milestone.",YouTube Business Enquiry / creator website,,Needs enrichment — source exposes contact route but not a full address,https://www.youtube.com/results?search_query=Mark%20Wiens,B,Mark Wiens × FanVault — your next milestone,Not contacted,"Capture the community's predictions and memories before the next journey, destination or channel milestone.",
434,The Food Ranger,Travel,"Capture the community's predictions and memories before the next journey, destination or channel milestone.",YouTube Business Enquiry / creator website,,Needs enrichment — source exposes contact route but not a full address,https://www.youtube.com/results?search_query=The%20Food%20Ranger,B,The Food Ranger × FanVault — your next milestone,Not contacted,"Capture the community's predictions and memories before the next journey, destination or channel milestone.",
435,Jorden Tually,Travel,"Capture the community's predictions and memories before the next journey, destination or channel milestone.",YouTube Business Enquiry / creator website,,Needs enrichment — source exposes contact route but not a full address,https://www.youtube.com/results?search_query=Jorden%20Tually,B,Jorden Tually × FanVault — your next milestone,Not contacted,"Capture the community's predictions and memories before the next journey, destination or channel milestone.",
436,Rick Steves' Europe,Travel,"Capture the community's predictions and memories before the next journey, destination or channel milestone.",YouTube Business Enquiry / creator website,,Needs enrichment — source exposes contact route but not a full address,https://www.youtube.com/results?search_query=Rick%20Steves%27%20Europe,B,Rick Steves' Europe × FanVault — your next milestone,Not contacted,"Capture the community's predictions and memories before the next journey, destination or channel milestone.",
437,Sailing La Vagabonde,Travel,"Capture the community's predictions and memories before the next journey, destination or channel milestone.",YouTube Business Enquiry / creator website,,Needs enrichment — source exposes contact route but not a full address,https://www.youtube.com/results?search_query=Sailing%20La%20Vagabonde,B,Sailing La Vagabonde × FanVault — your next milestone,Not contacted,"Capture the community's predictions and memories before the next journey, destination or channel milestone.",
438,Ryan Purvis,Travel,"Capture the community's predictions and memories before the next journey, destination or channel milestone.",YouTube Business Enquiry / creator website,,Needs enrichment — source exposes contact route but not a full address,https://www.youtube.com/results?search_query=Ryan%20Purvis,B,Ryan Purvis × FanVault — your next milestone,Not contacted,"Capture the community's predictions and memories before the next journey, destination or channel milestone.",
439,Lost LeBlanc,Travel,"Capture the community's predictions and memories before the next journey, destination or channel milestone.",YouTube Business Enquiry / creator website,,Needs enrichment — source exposes contact route but not a full address,https://www.youtube.com/results?search_query=Lost%20LeBlanc,B,Lost LeBlanc × FanVault — your next milestone,Not contacted,"Capture the community's predictions and memories before the next journey, destination or channel milestone.",
440,Indigo Traveller,Travel,"Capture the community's predictions and memories before the next journey, destination or channel milestone.",YouTube Business Enquiry / creator website,,Needs enrichment — source exposes contact route but not a full address,https://www.youtube.com/results?search_query=Indigo%20Traveller,B,Indigo Traveller × FanVault — your next milestone,Not contacted,"Capture the community's predictions and memories before the next journey, destination or channel milestone.",
441,Davidsbeenhere,Travel,"Capture the community's predictions and memories before the next journey, destination or channel milestone.",YouTube Business Enquiry / creator website,,Needs enrichment — source exposes contact route but not a full address,https://www.youtube.com/results?search_query=Davidsbeenhere,B,Davidsbeenhere × FanVault — your next milestone,Not contacted,"Capture the community's predictions and memories before the next journey, destination or channel milestone.",
442,The Bucket List Family,Travel,"Capture the community's predictions and memories before the next journey, destination or channel milestone.",YouTube Business Enquiry / creator website,,Needs enrichment — source exposes contact route but not a full address,https://www.youtube.com/results?search_query=The%20Bucket%20List%20Family,B,The Bucket List Family × FanVault — your next milestone,Not contacted,"Capture the community's predictions and memories before the next journey, destination or channel milestone.",
443,Eva zu Beck,Travel,"Capture the community's predictions and memories before the next journey, destination or channel milestone.",YouTube Business Enquiry / creator website,,Needs enrichment — source exposes contact route but not a full address,https://www.youtube.com/results?search_query=Eva%20zu%20Beck,B,Eva zu Beck × FanVault — your next milestone,Not contacted,"Capture the community's predictions and memories before the next journey, destination or channel milestone.",
444,Wolters World,Travel,"Capture the community's predictions and memories before the next journey, destination or channel milestone.",YouTube Business Enquiry / creator website,,Needs enrichment — source exposes contact route but not a full address,https://www.youtube.com/results?search_query=Wolters%20World,B,Wolters World × FanVault — your next milestone,Not contacted,"Capture the community's predictions and memories before the next journey, destination or channel milestone.",
445,Flying The Nest,Travel,"Capture the community's predictions and memories before the next journey, destination or channel milestone.",YouTube Business Enquiry / creator website,,Needs enrichment — source exposes contact route but not a full address,https://www.youtube.com/results?search_query=Flying%20The%20Nest,B,Flying The Nest × FanVault — your next milestone,Not contacted,"Capture the community's predictions and memories before the next journey, destination or channel milestone.",
446,Matti Haapoja,Travel,"Capture the community's predictions and memories before the next journey, destination or channel milestone.",YouTube Business Enquiry / creator website,,Needs enrichment — source exposes contact route but not a full address,https://www.youtube.com/results?search_query=Matti%20Haapoja,B,Matti Haapoja × FanVault — your next milestone,Not contacted,"Capture the community's predictions and memories before the next journey, destination or channel milestone.",
447,Gone with the Wynns,Travel,"Capture the community's predictions and memories before the next journey, destination or channel milestone.",YouTube Business Enquiry / creator website,,Needs enrichment — source exposes contact route but not a full address,https://www.youtube.com/results?search_query=Gone%20with%20the%20Wynns,B,Gone with the Wynns × FanVault — your next milestone,Not contacted,"Capture the community's predictions and memories before the next journey, destination or channel milestone.",
448,Gabriel Traveler,Travel,"Capture the community's predictions and memories before the next journey, destination or channel milestone.",YouTube Business Enquiry / creator website,,Needs enrichment — source exposes contact route but not a full address,https://www.youtube.com/results?search_query=Gabriel%20Traveler,B,Gabriel Traveler × FanVault — your next milestone,Not contacted,"Capture the community's predictions and memories before the next journey, destination or channel milestone.",
449,Gareth Leonard,Travel,"Capture the community's predictions and memories before the next journey, destination or channel milestone.",YouTube Business Enquiry / creator website,,Needs enrichment — source exposes contact route but not a full address,https://www.youtube.com/results?search_query=Gareth%20Leonard,B,Gareth Leonard × FanVault — your next milestone,Not contacted,"Capture the community's predictions and memories before the next journey, destination or channel milestone.",
450,The Endless Adventure,Travel,"Capture the community's predictions and memories before the next journey, destination or channel milestone.",YouTube Business Enquiry / creator website,,Needs enrichment — source exposes contact route but not a full address,https://www.youtube.com/results?search_query=The%20Endless%20Adventure,B,The Endless Adventure × FanVault — your next milestone,Not contacted,"Capture the community's predictions and memories before the next journey, destination or channel milestone.",
451,Making it happen Vlog,Travel,"Capture the community's predictions and memories before the next journey, destination or channel milestone.",YouTube Business Enquiry / creator website,,Needs enrichment — source exposes contact route but not a full address,https://www.youtube.com/results?search_query=Making%20it%20happen%20Vlog,B,Making it happen Vlog × FanVault — your next milestone,Not contacted,"Capture the community's predictions and memories before the next journey, destination or channel milestone.",
452,Samuel and Audrey,Travel,"Capture the community's predictions and memories before the next journey, destination or channel milestone.",YouTube Business Enquiry / creator website,,Needs enrichment — source exposes contact route but not a full address,https://www.youtube.com/results?search_query=Samuel%20and%20Audrey,B,Samuel and Audrey × FanVault — your next milestone,Not contacted,"Capture the community's predictions and memories before the next journey, destination or channel milestone.",
453,Kombi Life,Travel,"Capture the community's predictions and memories before the next journey, destination or channel milestone.",YouTube Business Enquiry / creator website,,Needs enrichment — source exposes contact route but not a full address,https://www.youtube.com/results?search_query=Kombi%20Life,B,Kombi Life × FanVault — your next milestone,Not contacted,"Capture the community's predictions and memories before the next journey, destination or channel milestone.",
454,Hey Nadine,Travel,"Capture the community's predictions and memories before the next journey, destination or channel milestone.",YouTube Business Enquiry / creator website,,Needs enrichment — source exposes contact route but not a full address,https://www.youtube.com/results?search_query=Hey%20Nadine,B,Hey Nadine × FanVault — your next milestone,Not contacted,"Capture the community's predictions and memories before the next journey, destination or channel milestone.",
455,Nomadic Fanatic,Travel,"Capture the community's predictions and memories before the next journey, destination or channel milestone.",YouTube Business Enquiry / creator website,,Needs enrichment — source exposes contact route but not a full address,https://www.youtube.com/results?search_query=Nomadic%20Fanatic,B,Nomadic Fanatic × FanVault — your next milestone,Not contacted,"Capture the community's predictions and memories before the next journey, destination or channel milestone.",
456,Travel Beans,Travel,"Capture the community's predictions and memories before the next journey, destination or channel milestone.",YouTube Business Enquiry / creator website,,Needs enrichment — source exposes contact route but not a full address,https://www.youtube.com/results?search_query=Travel%20Beans,B,Travel Beans × FanVault — your next milestone,Not contacted,"Capture the community's predictions and memories before the next journey, destination or channel milestone.",
457,Kristen & Siya,Travel,"Capture the community's predictions and memories before the next journey, destination or channel milestone.",YouTube Business Enquiry / creator website,,Needs enrichment — source exposes contact route but not a full address,https://www.youtube.com/results?search_query=Kristen%20%26%20Siya,B,Kristen & Siya × FanVault — your next milestone,Not contacted,"Capture the community's predictions and memories before the next journey, destination or channel milestone.",
458,Daneger and Stacey,Travel,"Capture the community's predictions and memories before the next journey, destination or channel milestone.",YouTube Business Enquiry / creator website,,Needs enrichment — source exposes contact route but not a full address,https://www.youtube.com/results?search_query=Daneger%20and%20Stacey,B,Daneger and Stacey × FanVault — your next milestone,Not contacted,"Capture the community's predictions and memories before the next journey, destination or channel milestone.",
459,Backpacking Bananas,Travel,"Capture the community's predictions and memories before the next journey, destination or channel milestone.",YouTube Business Enquiry / creator website,,Needs enrichment — source exposes contact route but not a full address,https://www.youtube.com/results?search_query=Backpacking%20Bananas,B,Backpacking Bananas × FanVault — your next milestone,Not contacted,"Capture the community's predictions and memories before the next journey, destination or channel milestone.",
460,GRRRLTRAVELER,Travel,"Capture the community's predictions and memories before the next journey, destination or channel milestone.",YouTube Business Enquiry / creator website,,Needs enrichment — source exposes contact route but not a full address,https://www.youtube.com/results?search_query=GRRRLTRAVELER,B,GRRRLTRAVELER × FanVault — your next milestone,Not contacted,"Capture the community's predictions and memories before the next journey, destination or channel milestone.",
461,WhiteSpotPirates,Travel,"Capture the community's predictions and memories before the next journey, destination or channel milestone.",YouTube Business Enquiry / creator website,,Needs enrichment — source exposes contact route but not a full address,https://www.youtube.com/results?search_query=WhiteSpotPirates,B,WhiteSpotPirates × FanVault — your next milestone,Not contacted,"Capture the community's predictions and memories before the next journey, destination or channel milestone.",
462,Aileen Adalid,Travel,"Capture the community's predictions and memories before the next journey, destination or channel milestone.",YouTube Business Enquiry / creator website,,Needs enrichment — source exposes contact route but not a full address,https://www.youtube.com/results?search_query=Aileen%20Adalid,B,Aileen Adalid × FanVault — your next milestone,Not contacted,"Capture the community's predictions and memories before the next journey, destination or channel milestone.",
463,Cyndi Williams,Travel,"Capture the community's predictions and memories before the next journey, destination or channel milestone.",YouTube Business Enquiry / creator website,,Needs enrichment — source exposes contact route but not a full address,https://www.youtube.com/results?search_query=Cyndi%20Williams,B,Cyndi Williams × FanVault — your next milestone,Not contacted,"Capture the community's predictions and memories before the next journey, destination or channel milestone.",
464,Mollie Bylett,Travel,"Capture the community's predictions and memories before the next journey, destination or channel milestone.",YouTube Business Enquiry / creator website,,Needs enrichment — source exposes contact route but not a full address,https://www.youtube.com/results?search_query=Mollie%20Bylett,B,Mollie Bylett × FanVault — your next milestone,Not contacted,"Capture the community's predictions and memories before the next journey, destination or channel milestone.",
465,OneikaTraveller,Travel,"Capture the community's predictions and memories before the next journey, destination or channel milestone.",YouTube Business Enquiry / creator website,,Needs enrichment — source exposes contact route but not a full address,https://www.youtube.com/results?search_query=OneikaTraveller,B,OneikaTraveller × FanVault — your next milestone,Not contacted,"Capture the community's predictions and memories before the next journey, destination or channel milestone.",
466,Lindsay Mc,Travel,"Capture the community's predictions and memories before the next journey, destination or channel milestone.",YouTube Business Enquiry / creator website,,Needs enrichment — source exposes contact route but not a full address,https://www.youtube.com/results?search_query=Lindsay%20Mc,B,Lindsay Mc × FanVault — your next milestone,Not contacted,"Capture the community's predictions and memories before the next journey, destination or channel milestone.",
467,Kristen Sarah,Travel,"Capture the community's predictions and memories before the next journey, destination or channel milestone.",YouTube Business Enquiry / creator website,,Needs enrichment — source exposes contact route but not a full address,https://www.youtube.com/results?search_query=Kristen%20Sarah,B,Kristen Sarah × FanVault — your next milestone,Not contacted,"Capture the community's predictions and memories before the next journey, destination or channel milestone.",
468,Fearless & Far,Travel,"Capture the community's predictions and memories before the next journey, destination or channel milestone.",YouTube Business Enquiry / creator website,,Needs enrichment — source exposes contact route but not a full address,https://www.youtube.com/results?search_query=Fearless%20%26%20Far,B,Fearless & Far × FanVault — your next milestone,Not contacted,"Capture the community's predictions and memories before the next journey, destination or channel milestone.",
469,Erik Conover,Travel,"Capture the community's predictions and memories before the next journey, destination or channel milestone.",YouTube Business Enquiry / creator website,,Needs enrichment — source exposes contact route but not a full address,https://www.youtube.com/results?search_query=Erik%20Conover,B,Erik Conover × FanVault — your next milestone,Not contacted,"Capture the community's predictions and memories before the next journey, destination or channel milestone.",
470,Wil Dasovich,Travel,"Capture the community's predictions and memories before the next journey, destination or channel milestone.",YouTube Business Enquiry / creator website,,Needs enrichment — source exposes contact route but not a full address,https://www.youtube.com/results?search_query=Wil%20Dasovich,B,Wil Dasovich × FanVault — your next milestone,Not contacted,"Capture the community's predictions and memories before the next journey, destination or channel milestone.",
471,vagabrothers,Travel,"Capture the community's predictions and memories before the next journey, destination or channel milestone.",YouTube Business Enquiry / creator website,,Needs enrichment — source exposes contact route but not a full address,https://www.youtube.com/results?search_query=vagabrothers,B,vagabrothers × FanVault — your next milestone,Not contacted,"Capture the community's predictions and memories before the next journey, destination or channel milestone.",
472,Allison Anderson,Travel,"Capture the community's predictions and memories before the next journey, destination or channel milestone.",YouTube Business Enquiry / creator website,,Needs enrichment — source exposes contact route but not a full address,https://www.youtube.com/results?search_query=Allison%20Anderson,B,Allison Anderson × FanVault — your next milestone,Not contacted,"Capture the community's predictions and memories before the next journey, destination or channel milestone.",
473,Jason Billam Travel,Travel,"Capture the community's predictions and memories before the next journey, destination or channel milestone.",YouTube Business Enquiry / creator website,,Needs enrichment — source exposes contact route but not a full address,https://www.youtube.com/results?search_query=Jason%20Billam%20Travel,B,Jason Billam Travel × FanVault — your next milestone,Not contacted,"Capture the community's predictions and memories before the next journey, destination or channel milestone.",
474,PsychoTraveller,Travel,"Capture the community's predictions and memories before the next journey, destination or channel milestone.",YouTube Business Enquiry / creator website,,Needs enrichment — source exposes contact route but not a full address,https://www.youtube.com/results?search_query=PsychoTraveller,B,PsychoTraveller × FanVault — your next milestone,Not contacted,"Capture the community's predictions and memories before the next journey, destination or channel milestone.",
475,The NYC Couple,Travel,"Capture the community's predictions and memories before the next journey, destination or channel milestone.",YouTube Business Enquiry / creator website,,Needs enrichment — source exposes contact route but not a full address,https://www.youtube.com/results?search_query=The%20NYC%20Couple,B,The NYC Couple × FanVault — your next milestone,Not contacted,"Capture the community's predictions and memories before the next journey, destination or channel milestone.",
476,Hey! Let's Go Get Lost,Travel,"Capture the community's predictions and memories before the next journey, destination or channel milestone.",YouTube Business Enquiry / creator website,,Needs enrichment — source exposes contact route but not a full address,https://www.youtube.com/results?search_query=Hey%21%20Let%27s%20Go%20Get%20Lost,B,Hey! Let's Go Get Lost × FanVault — your next milestone,Not contacted,"Capture the community's predictions and memories before the next journey, destination or channel milestone.",
477,Nora,Travel,"Capture the community's predictions and memories before the next journey, destination or channel milestone.",YouTube Business Enquiry / creator website,,Needs enrichment — source exposes contact route but not a full address,https://www.youtube.com/results?search_query=Nora,B,Nora × FanVault — your next milestone,Not contacted,"Capture the community's predictions and memories before the next journey, destination or channel milestone.",
478,TFIL,Travel,"Capture the community's predictions and memories before the next journey, destination or channel milestone.",YouTube Business Enquiry / creator website,,Needs enrichment — source exposes contact route but not a full address,https://www.youtube.com/results?search_query=TFIL,B,TFIL × FanVault — your next milestone,Not contacted,"Capture the community's predictions and memories before the next journey, destination or channel milestone.",
479,Drew Binsky,Travel,"Capture the community's predictions and memories before the next journey, destination or channel milestone.",YouTube Business Enquiry / creator website,,Needs enrichment — source exposes contact route but not a full address,https://www.youtube.com/results?search_query=Drew%20Binsky,B,Drew Binsky × FanVault — your next milestone,Not contacted,"Capture the community's predictions and memories before the next journey, destination or channel milestone.",
480,Mike Corey,Travel,"Capture the community's predictions and memories before the next journey, destination or channel milestone.",YouTube Business Enquiry / creator website,,Needs enrichment — source exposes contact route but not a full address,https://www.youtube.com/results?search_query=Mike%20Corey,B,Mike Corey × FanVault — your next milestone,Not contacted,"Capture the community's predictions and memories before the next journey, destination or channel milestone.",
481,Expedia,Travel,"Capture the community's predictions and memories before the next journey, destination or channel milestone.",YouTube Business Enquiry / creator website,,Needs enrichment — source exposes contact route but not a full address,https://www.youtube.com/results?search_query=Expedia,B,Expedia × FanVault — your next milestone,Not contacted,"Capture the community's predictions and memories before the next journey, destination or channel milestone.",
482,TheTravelingClatt,Travel,"Capture the community's predictions and memories before the next journey, destination or channel milestone.",YouTube Business Enquiry / creator website,,Needs enrichment — source exposes contact route but not a full address,https://www.youtube.com/results?search_query=TheTravelingClatt,B,TheTravelingClatt × FanVault — your next milestone,Not contacted,"Capture the community's predictions and memories before the next journey, destination or channel milestone.",
483,Travel Channel,Travel,"Capture the community's predictions and memories before the next journey, destination or channel milestone.",YouTube Business Enquiry / creator website,,Needs enrichment — source exposes contact route but not a full address,https://www.youtube.com/results?search_query=Travel%20Channel,B,Travel Channel × FanVault — your next milestone,Not contacted,"Capture the community's predictions and memories before the next journey, destination or channel milestone.",
484,ACE,Travel,"Capture the community's predictions and memories before the next journey, destination or channel milestone.",YouTube Business Enquiry / creator website,,Needs enrichment — source exposes contact route but not a full address,https://www.youtube.com/results?search_query=ACE,B,ACE × FanVault — your next milestone,Not contacted,"Capture the community's predictions and memories before the next journey, destination or channel milestone.",
485,Mark Harrison,Travel,"Capture the community's predictions and memories before the next journey, destination or channel milestone.",YouTube Business Enquiry / creator website,,Needs enrichment — source exposes contact route but not a full address,https://www.youtube.com/results?search_query=Mark%20Harrison,B,Mark Harrison × FanVault — your next milestone,Not contacted,"Capture the community's predictions and memories before the next journey, destination or channel milestone.",
486,FinnSnow,Travel,"Capture the community's predictions and memories before the next journey, destination or channel milestone.",YouTube Business Enquiry / creator website,,Needs enrichment — source exposes contact route but not a full address,https://www.youtube.com/results?search_query=FinnSnow,B,FinnSnow × FanVault — your next milestone,Not contacted,"Capture the community's predictions and memories before the next journey, destination or channel milestone.",
487,Bruno Maltor,Travel,"Capture the community's predictions and memories before the next journey, destination or channel milestone.",YouTube Business Enquiry / creator website,,Needs enrichment — source exposes contact route but not a full address,https://www.youtube.com/results?search_query=Bruno%20Maltor,B,Bruno Maltor × FanVault — your next milestone,Not contacted,"Capture the community's predictions and memories before the next journey, destination or channel milestone.",
488,8 Miles from Home,Travel,"Capture the community's predictions and memories before the next journey, destination or channel milestone.",YouTube Business Enquiry / creator website,,Needs enrichment — source exposes contact route but not a full address,https://www.youtube.com/results?search_query=8%20Miles%20from%20Home,B,8 Miles from Home × FanVault — your next milestone,Not contacted,"Capture the community's predictions and memories before the next journey, destination or channel milestone.",
489,Raising Voyagers,Travel,"Capture the community's predictions and memories before the next journey, destination or channel milestone.",YouTube Business Enquiry / creator website,,Needs enrichment — source exposes contact route but not a full address,https://www.youtube.com/results?search_query=Raising%20Voyagers,B,Raising Voyagers × FanVault — your next milestone,Not contacted,"Capture the community's predictions and memories before the next journey, destination or channel milestone.",
490,The Indie Projects,Travel,"Capture the community's predictions and memories before the next journey, destination or channel milestone.",YouTube Business Enquiry / creator website,,Needs enrichment — source exposes contact route but not a full address,https://www.youtube.com/results?search_query=The%20Indie%20Projects,B,The Indie Projects × FanVault — your next milestone,Not contacted,"Capture the community's predictions and memories before the next journey, destination or channel milestone.",
491,Jacek Zarzycki,Travel,"Capture the community's predictions and memories before the next journey, destination or channel milestone.",YouTube Business Enquiry / creator website,,Needs enrichment — source exposes contact route but not a full address,https://www.youtube.com/results?search_query=Jacek%20Zarzycki,B,Jacek Zarzycki × FanVault — your next milestone,Not contacted,"Capture the community's predictions and memories before the next journey, destination or channel milestone.",
492,Kinging-It,Travel,"Capture the community's predictions and memories before the next journey, destination or channel milestone.",YouTube Business Enquiry / creator website,,Needs enrichment — source exposes contact route but not a full address,https://www.youtube.com/results?search_query=Kinging-It,B,Kinging-It × FanVault — your next milestone,Not contacted,"Capture the community's predictions and memories before the next journey, destination or channel milestone.",
493,Hoosier Tim's Travel Videos,Travel,"Capture the community's predictions and memories before the next journey, destination or channel milestone.",YouTube Business Enquiry / creator website,,Needs enrichment — source exposes contact route but not a full address,https://www.youtube.com/results?search_query=Hoosier%20Tim%27s%20Travel%20Videos,B,Hoosier Tim's Travel Videos × FanVault — your next milestone,Not contacted,"Capture the community's predictions and memories before the next journey, destination or channel milestone.",
494,The New Travel,Travel,"Capture the community's predictions and memories before the next journey, destination or channel milestone.",YouTube Business Enquiry / creator website,,Needs enrichment — source exposes contact route but not a full address,https://www.youtube.com/results?search_query=The%20New%20Travel,B,The New Travel × FanVault — your next milestone,Not contacted,"Capture the community's predictions and memories before the next journey, destination or channel milestone.",
495,Ceci Saia,Travel,"Capture the community's predictions and memories before the next journey, destination or channel milestone.",YouTube Business Enquiry / creator website,,Needs enrichment — source exposes contact route but not a full address,https://www.youtube.com/results?search_query=Ceci%20Saia,B,Ceci Saia × FanVault — your next milestone,Not contacted,"Capture the community's predictions and memories before the next journey, destination or channel milestone.",
496,Beautiful Destinations,Travel,"Capture the community's predictions and memories before the next journey, destination or channel milestone.",YouTube Business Enquiry / creator website,,Needs enrichment — source exposes contact route but not a full address,https://www.youtube.com/results?search_query=Beautiful%20Destinations,B,Beautiful Destinations × FanVault — your next milestone,Not contacted,"Capture the community's predictions and memories before the next journey, destination or channel milestone.",
497,Tula's Endless Summer,Travel,"Capture the community's predictions and memories before the next journey, destination or channel milestone.",YouTube Business Enquiry / creator website,,Needs enrichment — source exposes contact route but not a full address,https://www.youtube.com/results?search_query=Tula%27s%20Endless%20Summer,B,Tula's Endless Summer × FanVault — your next milestone,Not contacted,"Capture the community's predictions and memories before the next journey, destination or channel milestone.",
498,Karl Watson,Travel,"Capture the community's predictions and memories before the next journey, destination or channel milestone.",YouTube Business Enquiry / creator website,,Needs enrichment — source exposes contact route but not a full address,https://www.youtube.com/results?search_query=Karl%20Watson,B,Karl Watson × FanVault — your next milestone,Not contacted,"Capture the community's predictions and memories before the next journey, destination or channel milestone.",
499,TheLifeOfJord,Travel,"Capture the community's predictions and memories before the next journey, destination or channel milestone.",YouTube Business Enquiry / creator website,,Needs enrichment — source exposes contact route but not a full address,https://www.youtube.com/results?search_query=TheLifeOfJord,B,TheLifeOfJord × FanVault — your next milestone,Not contacted,"Capture the community's predictions and memories before the next journey, destination or channel milestone.",
500,denniscallan,Travel,"Capture the community's predictions and memories before the next journey, destination or channel milestone.",YouTube Business Enquiry / creator website,,Needs enrichment — source exposes contact route but not a full address,https://www.youtube.com/results?search_query=denniscallan,B,denniscallan × FanVault — your next milestone,Not contacted,"Capture the community's predictions and memories before the next journey, destination or channel milestone.",
